<?xml version="1.0" encoding="UTF-8"?>
<!DOCTYPE legend SYSTEM "style-file.dtd">
<!--
This is a sample style file for use with GpsMid. It allows
to specify which map features get converted from the osm
data to GpsMid. This can and should be changed at will to suit
your personal preferences, as long as it conforms to style-file.dtd.

WARNING: There is currently one extra restriction. The "key tag=place"
currently must be the first in the stylefile and must contain 5 different
places in decending order or importance. This is due to some hardcoded
assumptions in the code for calculating is_in relations for the search
dialog.
-->

<!-- scale levels (m and km are values shown on 176x220 mobile display): 
zoomed in 10x (scale alias 31: 5m)
zoomed in 9x (scale alias 30: 5m)
zoomed in 7x (scale alias 29: 10m)
zoomed in 6x (scale alias 28: 10m)
zoomed in 5x (scale alias 27: 25m)
zoomed in 4x (scale alias 26: 25m)
zoomed in 3x (scale alias 25: 50m)
zoomed in 2x (scale alias 24: 50m)
zoomed in 1x (scale alias 23: 100m)
startup scale  (scale alias 22: 250m)
zoomed out 1x (scale alias 21: 250m)
zoomed out 2x (scale alias 20: 250m)
zoomed out 3x (scale alias 19: 500m)
zoomed out 4x (scale alias 18: 1000m)
zoomed out 5x (scale alias 17: 1000m)
zoomed out 6x (scale alias 16: 2km)
zoomed out 7x (scale alias 15: 2km)
zoomed out 8x (scale alias 14: 5km)
zoomed out 9x (scale alias 13: 5km)
zoomed out 10x (scale alias 12: 10km)
zoomed out 11x (scale alias 11: 10km)
zoomed out 12x (scale alias 10: 25km)
zoomed out 13x (scale alias 9: 25km)
zoomed out 14x (scale alias 8: 50km)
zoomed out 15x (scale alias 7: 50km)
zoomed out 16x (scale alias 6: 100km)
zoomed out 17x (scale alias 5: 250km)
zoomed out 18x (scale alias 4: 250km)
zoomed out 19x (scale alias 3: 250km)
zoomed out 20x (scale alias 2: 500km)
zoomed out 21x (scale alias 1:  500km)
-->


<legend>
  <background color="009BFF9B" />
  <pois>
	<key tag="place">
	  <value name="city">
		<description desc = "City"/>
		<searchIcon src="city.png"/>
		<namekey tag="name"/>	
		<scale scale="6"/>
	  </value>
	  <value name="town">
		<description desc = "Town"/>
		<searchIcon src="city.png"/>
		<namekey tag="name"/>
		<scale scale = "12"/>
	  </value>
	  <value name="village">
		<description desc = "Village"/>
		<searchIcon src="city.png"/>
		<namekey tag="name"/>
		<scale scale = "16"/>
	  </value>
	  <value name="hamlet">
		<description desc = "Hamlet"/>
		<searchIcon src="city.png"/>
		<namekey tag="name"/>
		<scale scale = "17"/>
	  </value>
	  <value name="suburb">
		<description desc = "Suburb"/>
		<searchIcon src="city.png"/>
		<namekey tag="name"/>
		<scale scale = "17"/>
	  </value>
	</key>
	<key tag="amenity">
	  <value name ="post_box">
		<description desc = "Post box"/>
		<image src="post_box.png"/>
		<namekey tag="name"/>
		<scale scale="20"/>
		<textscale scale="23"/>
	  </value>	
	  <value name ="post_office">
		<description desc = "Post office"/>
		<image src="post_office.png"/>
		<namekey tag="name"/>
		<scale scale="20"/>
		<textscale scale="23"/>
	  </value>	
	  <value name ="school">
		<description desc = "School"/>
		<image src="school.png"/>
		<namekey tag="name"/>
		<scale scale="20"/>
		<textscale scale="23"/>
	  </value>
	  <value name ="telephone">
		<description desc = "Public telephone"/>
		<image src="telephone.png"/>
		<namekey tag="name"/>
		<scale scale="20"/>
		<textscale scale="23"/>
	  </value>
	  <value name ="restaurant">
		<description desc = "Restaurant"/>
		<image src="restaurant.png"/>
		<namekey tag="name"/>
		<scale scale="20"/>
		<textscale scale="23"/>
	  </value>
	  <value name ="fast_food">
		<description desc = "Fast food"/>
		<image src="fastfood.png"/>
		<namekey tag="name"/>
		<scale scale="20"/>
		<textscale scale="23"/>
	  </value>
	  <value name ="hospital">
		<description desc = "Hospital"/>
		<image src="hospital.png"/>
		<namekey tag="name"/>
		<scale scale="20"/>
		<textscale scale="23"/>
	  </value>
	  <value name ="pub">
		<description desc = "Pub"/>
		<image src="pub.png"/>
		<namekey tag="name"/>
		<scale scale="20"/>
		<textscale scale="23"/>
	  </value>
	  <value name ="atm">
		<description desc = "Cash machine"/>
		<image src="atm.png"/>
		<namekey tag="name"/>
		<scale scale="20"/>
		<textscale scale="23"/>
	  </value>
	  <value name ="bank">
		<description desc = "Bank"/>
		<image src="bank.png"/>
		<namekey tag="name"/>
		<scale scale="20"/>
		<textscale scale="23"/>
	  </value>
	  <value name ="bureau_de_change">
		<description desc = "Currency exchange"/>
		<image src="exchange.png"/>
		<namekey tag="name"/>
		<scale scale="20"/>
		<textscale scale="23"/>
	  </value>	  
	  <value name ="cinema">
		<description desc = "Cinema"/>
		<image src="cinema.png"/>
		<namekey tag="name"/>
		<scale scale="20"/>
		<textscale scale="23"/>
	  </value>
	  <value name ="theatre">
		<description desc = "Theatre"/>
		<image src="theater.png"/>
		<namekey tag="name"/>
		<scale scale="20"/>
		<textscale scale="23"/>
	  </value>
	  <value name ="pharmacy">
		<description desc = "Pharmacy"/>
		<image src="pharmacy.png"/>
		<namekey tag="name"/>
		<scale scale="20"/>
		<textscale scale="23"/>
	  </value>
	  <value name ="place_of_worship">
		<description desc = "Church"/>
		<image src="church.png"/>
		<namekey tag="name"/>
		<scale scale="20"/>
		<textscale scale="23"/>
	  </value>
	  <value name ="fuel">
		<description desc = "Refueling station"/>
		<image src="fuel.png"/>
		<namekey tag="name"/>
		<scale scale="20"/>
		<textscale scale="23"/>		
	  </value>
	  <value name ="toilets">
		<description desc = "Public toilet"/>
		<image src="toilets.png"/>
		<namekey tag="name"/>
		<scale scale="20"/>
		<textscale scale="23"/>		
	  </value>
	  <value name ="recycling">
		<description desc = "Recycling"/>
		<image src="recycling.png"/>
		<namekey tag="name"/>
		<scale scale="20"/>
		<textscale scale="23"/>		
	  </value>
	  <value name ="library">
		<description desc = "Library"/>
		<image src="library.png"/>
		<namekey tag="name"/>
		<scale scale="20"/>
		<textscale scale="23"/>		
	  </value>
	  <value name ="biergarten">
		<description desc = "Biergarten"/>
		<image src="biergarten.png"/>
		<namekey tag="name"/>
		<scale scale="20"/>
		<textscale scale="23"/>
	  </value>
	  <value name ="fire_station">
		<description desc = "Fire station"/>
		<image src="firebrigade.png"/>
		<namekey tag="name"/>
		<scale scale="20"/>
		<textscale scale="23"/>
	  </value>	
	  <value name ="nightclub">
		<description desc = "Nightclub"/>
		<image src="nightclub.png"/>
		<namekey tag="name"/>
		<scale scale="20"/>
		<textscale scale="23"/>
	  </value>	
	  <value name ="police">
		<description desc = "Police station"/>
		<image src="police.png"/>
		<namekey tag="name"/>
		<scale scale="20"/>
		<textscale scale="23"/>
	  </value>	
	  <value name ="car_rental">
		<description desc = "Car rental"/>
		<image src="car_rental.png"/>
		<namekey tag="name"/>
		<scale scale="20"/>
		<textscale scale="23"/>
	  </value>
	  <value name ="car_sharing">
		<description desc = "Car sharing"/>
		<image src="car_sharing.png"/>
		<namekey tag="name"/>
		<scale scale="20"/>
		<textscale scale="23"/>
	  </value>
	  <value name ="parking">
		<description desc = "Car parking"/>
		<image src="parking.png"/>
		<namekey tag="name"/>
		<scale scale="20"/>
		<textscale scale="23"/>
	  </value>
	  <value name ="bicycle_rental">
		<description desc = "Bicycle rental"/>
		<image src="bicycle_rental.png"/>
		<namekey tag="name"/>
		<scale scale="20"/>
		<textscale scale="23"/>
	  </value>
	  <value name ="bicycle_parking">
		<description desc = "Bicycle parking"/>
		<image src="bicycling.png"/>
		<namekey tag="name"/>
		<scale scale="20"/>
		<textscale scale="23"/>		
	  </value>
	  <value name ="taxi">
		<description desc = "Taxi"/>
		<image src="taxi.png"/>
		<namekey tag="name"/>
		<scale scale="20"/>
		<textscale scale="23"/>
	  </value>
	  <!--
	     <value name="*">
		<description desc = "Other Amenity"/>
		<image src="otheramenity.png"/>
		<namekey tag="name"/>
		<scale scale="20"/>
		<textscale scale="23"/>
	   </value>
             -->
	</key>
	<key tag="leisure">
	  <value name ="water_park">
		<description desc = "Water park"/>
		<image src="water_park.png"/>
		<namekey tag="name"/>
		<scale scale="20"/>
		<textscale scale="23"/>
	  </value>
	  <value name ="playground">
		<description desc = "Playground"/>
		<image src="playground.png"/>
		<namekey tag="name"/>
		<scale scale="20"/>
		<textscale scale="23"/>
	  </value>
	</key>	
	<key tag="shop">
	   <value name="supermarket">
		<description desc = "Supermarket"/>
		<image src="supermarket.png"/>
		<namekey tag="name"/>
		<scale scale="20"/>
		<textscale scale="23"/>
	  </value>
	  <value name="bakery">
		<description desc = "Bakery"/>
		<image src="bakery.png"/>
		<namekey tag="name"/>
		<scale scale="20"/>
		<textscale scale="23"/>
	  </value>
	  <value name="butcher">
		<description desc = "Butcher"/>
		<image src="butcher.png"/>
		<namekey tag="name"/>
		<scale scale="20"/>
		<textscale scale="23"/>
	  </value>
	  <value name="doityourself">
		<description desc = "Do-it-yourself store"/>
		<image src="diy_store.png"/>
		<namekey tag="name"/>
		<scale scale="20"/>
		<textscale scale="23"/>
	  </value>
	  <value name="kiosk">
		<description desc = "Kiosk"/>
		<image src="kiosk.png"/>
		<namekey tag="name"/>
		<scale scale="20"/>
		<textscale scale="23"/>
	  </value>
	  <value name="laundry">
		<description desc = "Laundry"/>
		<image src="laundry.png"/>
		<namekey tag="name"/>
		<scale scale="20"/>
		<textscale scale="23"/>
	  </value>
	  <!--
	  <value name="*">
		<description desc = "Other shop"/>
		<image src="othershop.png"/>
		<namekey tag="name"/>
		<namefallback tag = "*"/>
		<scale scale="20"/>
		<textscale scale="23"/>
	  </value>
	-->
	</key>
	<key tag="highway">
	   <value name="bus_stop">
		<description desc = "Bus stop"/>
		<image src="bus.png"/>		
		<namekey tag="name"/>
		<scale scale="20"/>
		<textscale scale="23"/>
		<imageCentered value="true"/>
	  </value>
      <value name="services">
		<description desc = "Services"/>
		<image src="services.png"/>		
		<namekey tag="name"/>
		<scale scale="14"/>
		<textscale scale="23"/>
		<imageCentered value="true"/>
	  </value>
      <value name="toll_booth">
		<description desc = "Toll station"/>
		<image src="toll_station.png"/>		
		<namekey tag="name"/>
		<scale scale="14"/>
		<textscale scale="23"/>
		<imageCentered value="true"/>
	  </value>
	</key>
	<key tag="railway">
	   <value name="station">
		<description desc = "Railway station"/>
		<image src="railstation.png"/>		
		<namekey tag="name"/>
		<scale scale="20"/>
		<textscale scale="23"/>
		<imageCentered value="true"/>
	  </value>
	  <value name="tram_stop">
		<description desc = "Tram station"/>
		<image src="tram.png"/>		
		<namekey tag="name"/>
		<scale scale="20"/>
		<textscale scale="23"/>
		<imageCentered value="true"/>
	  </value>
	  <value name="level_crossing">
		<description desc = "Railway X street"/>
		<image src="crossing.png"/>		
		<namekey tag="name"/>
		<scale scale="20"/>
		<textscale scale="23"/>
		<imageCentered value="true"/>
	  </value>
	  <value name="crossing">
		<description desc = "Railway X footway"/>
		<image src="crossing_small.png"/>		
		<namekey tag="name"/>
		<scale scale="20"/>
		<textscale scale="23"/>
		<imageCentered value="true"/>
	  </value>
	</key>
	<key tag="tourism">
	  <value name="hotel">
		<description desc = "Hotel"/>
		<image src="hotel.png"/>
		<namekey tag="name"/>
		<scale scale="20"/>
		<textscale scale="23"/>		
	  </value>
	  <value name="hostel">
		<description desc = "Hostel"/>
		<image src="hostel.png"/>
		<namekey tag="name"/>
		<scale scale="20"/>
		<textscale scale="23"/>		
	  </value>
	  <value name="motel">
		<description desc = "Motel"/>
		<image src="motel.png"/>
		<namekey tag="name"/>
		<scale scale="20"/>
		<textscale scale="23"/>		
	  </value>
	  <value name="camp_site">
		<description desc = "Camping"/>
		<image src="camping.png"/>
		<namekey tag="name"/>
		<scale scale="20"/>
		<textscale scale="23"/>		
	  </value>
	  <value name="attraction">
		<description desc = "Tourism attraction"/>
		<image src="attraction.png"/>
		<namekey tag="name"/>
		<scale scale="20"/>
		<textscale scale="23"/>
	  </value>
	  <value name="museum">
		<description desc = "Museum"/>
		<image src="museum.png"/>
		<namekey tag="name"/>
		<scale scale="20"/>
		<textscale scale="23"/>
	  </value>
	  <value name="theme_park">
		<description desc = "Theme park"/>
		<image src="theme_park.png"/>
		<namekey tag="name"/>
		<scale scale="20"/>
		<textscale scale="23"/>
	  </value>
	  <value name="zoo">
		<description desc = "Zoo"/>
		<image src="zoo.png"/>
		<namekey tag="name"/>
		<scale scale="20"/>
		<textscale scale="23"/>
	  </value>
	  <!--
	  <value name="*">
		<description desc = "Other Tourism"/>
		<image src="othertourism.png"/>
		<namekey tag="name"/>
		<scale scale="20"/>
		<textscale scale="23"/>
	  </value>
	   -->
	</key>
	<key tag="historic">
	  <value name ="castle">
		<description desc = "Castle"/>
		<image src="castle.png"/>
		<namekey tag="name"/>
		<scale scale="20"/>
		<textscale scale="23"/>
	  </value>	
	</key>
	<key tag="natural">
	  <value name="beach">
		<description desc = "Beach"/>
		<image src="beach.png"/>
		<namekey tag="name"/>
		<scale scale="18"/>
		<textscale scale="20"/>
	  </value>
	</key>	
	<key tag="landuse">
	  <value name ="farm">
		<description desc = "Farm"/>
		<image src="farm.png"/>
		<namekey tag="name"/>
		<scale scale="20"/>
		<textscale scale="23"/>
	  </value>	
	</key>
	<key tag="man_made">
	  <value name ="lighthouse">
		<description desc = "Lighthouse"/>
		<image src="lighthouse.png"/>
		<namekey tag="name"/>
		<scale scale="20"/>
		<textscale scale="23"/>
	  </value>	
	</key>
	<key tag="man_made">
	  <value name ="power_wind">
		<description desc = "Power wind"/>
		<image src="power_wind.png"/>
		<namekey tag="name"/>
		<scale scale="20"/>
		<textscale scale="23"/>
	  </value>	
	</key>
	<key tag="aeroway">
	  <value name ="aerodrome">
		<description desc = "Aerodrome"/>
		<image src="aerodrome.png"/>
		<namekey tag="name"/>
		<scale scale="14"/>
		<textscale scale="20"/>
	  </value>	
	  <value name ="terminal">
		<description desc = "Terminal"/>
		<image src="terminal.png"/>
		<namekey tag="name"/>
		<scale scale="20"/>
		<textscale scale="23"/>
	  </value>	
	  <value name ="helipad">
		<description desc = "Helipad"/>
		<image src="helipad.png"/>
		<namekey tag="name"/>
		<scale scale="20"/>
		<textscale scale="23"/>
	  </value>	
	</key>	
  
  </pois>
  <ways>
  		<keyW tag = "highway">
  			<Wvalue name = "motorway">
  				<description desc = "Motorway"/>
  				<namekey tag = "name"/>
  				<namefallback tag = "ref"/>
  				<isArea area = "false"/>
  				<scale scale = "3"/>
  				<lineColor color = "00809BC0" />
  				<wayWidth width="8" />
  				<routing accessible="true" speed="120" />  				  				
  			</Wvalue>
  			<Wvalue name = "motorway_link">
  				<description desc = "Motorway"/>
  				<namekey tag = "name"/>
  				<namefallback tag = "ref"/>
  				<isArea area = "false"/>
  				<scale scale = "14"/>
  				<lineColor color = "00809BC0" />
  				<wayWidth width="8" />
  				<routing accessible="true" speed="120" />  				  				
  			</Wvalue>
  			<Wvalue name = "trunk">
  				<description desc = "Trunk"/>
  				<namekey tag = "name"/>
  				<namefallback tag = "ref"/>
  				<isArea area = "false"/>
  				<scale scale = "14"/>
  				<lineColor color = "007FC97F" />
  				<wayWidth width="6" />
  				<routing accessible="true" speed="100" />  				  				
  			</Wvalue>
  			<Wvalue name = "trunk_link">
  				<description desc = "Trunk"/>
  				<namekey tag = "name"/>
  				<namefallback tag = "ref"/>
  				<isArea area = "false"/>
  				<scale scale = "14"/>
  				<lineColor color = "007FC97F" />
  				<wayWidth width="6" />
  				<routing accessible="true" speed="100" />  				  				
  			</Wvalue>
  			<Wvalue name = "primary">
  				<description desc = "Primary"/>
  				<namekey tag = "name"/>
  				<namefallback tag = "ref"/>
  				<isArea area = "false"/>
  				<scale scale = "15"/>
  				<lineColor color = "007FC97F" />
  				<wayWidth width="6" />
  				<routing accessible="true" speed="80" />  				  				
  			</Wvalue>
  			<Wvalue name = "primary_link">
  				<description desc = "Primary"/>
  				<namekey tag = "name"/>
  				<namefallback tag = "ref"/>
  				<isArea area = "false"/>
  				<scale scale = "15"/>
  				<lineColor color = "007FC97F" />
  				<wayWidth width="6" />
  				<routing accessible="true" speed="80" />  				  				
  			</Wvalue>
  			<Wvalue name = "secondary">
  				<description desc = "Secondary"/>
  				<namekey tag = "name"/>  				
  				<isArea area = "false"/>
  				<scale scale = "18"/>
  				<lineColor color = "00FDBF6F" />
  				<wayWidth width="5" />
  				<routing accessible="true" speed="80" />  				  				
  			</Wvalue>
  			<Wvalue name = "tertiary">
  				<description desc = "Tertiary"/>
  				<namekey tag = "name"/>  				
  				<isArea area = "false"/>
  				<scale scale = "19"/>
  				<lineColor color = "00FFFFFF" />
  				<wayWidth width="4" />
  				<routing accessible="true" speed="50" />  				  				
  			</Wvalue>
  			<Wvalue name = "unclassified">  					        
  				<description desc = "Small road"/>
  				<namekey tag = "name"/>  				
  				<isArea area = "false"/>
  				<scale scale = "20"/>
  				<lineColor color = "00FFFFFF" />
  				<wayWidth width="4" />
  				<routing accessible="true" speed="50" />  				  				
  			</Wvalue>  			
  			<Wvalue name = "residential">
  				<description desc = "Residential"/>
  				<namekey tag = "name"/>  				
  				<isArea area = "false"/>
  				<scale scale = "20"/>
  				<textscale scale = "23"/>
  				<lineColor color = "00B4B4B4" />
  				<wayWidth width="3" />
  				<routing accessible="true" speed="30" />  				  				
  			</Wvalue>
  			<Wvalue name = "living_street">
  				<description desc = "Spiel strasse"/>
  				<namekey tag = "name"/>
  				<isArea area = "false"/>
  				<scale scale = "20"/>
  				<lineColor color = "00B4B4FF" />
  				<wayWidth width="2" />
  				<routing accessible="true" speed="5" />  				  				
  			</Wvalue>
			<Wvalue name = "track">
  				<description desc = "track"/>
  				<namekey tag = "name"/>  				
  				<isArea area = "false"/>
  				<scale scale = "20"/>
  				<lineColor color = "00EFEAA0" />
  				<lineStyle dashed = "true" />
  				<wayWidth width="3" />
  				<routing accessible="no" speed="10" />  				  				
  			</Wvalue>
  			<Wvalue name = "service">
  				<description desc = "Service"/>
  				<namekey tag = "name"/>  				
  				<isArea area = "false"/>
  				<scale scale = "20"/>
  				<lineColor color = "00FFFFFF" />
  				<wayWidth width="2" />
  				<routing accessible="true" speed="30" />  				  				
  			</Wvalue>
  			<Wvalue name = "roundabout">
  				<description desc = "roundabout"/>
  				<namekey tag = "name"/>  				
  				<isArea area = "false"/>
  				<scale scale = "20"/>
  				<lineColor color = "00FFFFFF" />
  				<wayWidth width="2" />
  				<routing accessible="true" speed="30" />  				  				
  			</Wvalue>
  			<Wvalue name = "bridleway">
  				<description desc = "Bridleway"/>
  				<namekey tag = "name"/>  				
  				<isArea area = "false"/>
  				<scale scale = "20"/>
  				<lineColor color = "00FF00FF" />
  				<lineStyle dashed = "true" />
  				<wayWidth width="2" />
  				<routing accessible="false" speed="30" />  				  				
  			</Wvalue>
  			<Wvalue name = "cycleway">
  				<description desc = "Cycle way"/>
  				<namekey tag = "name"/>  				
  				<isArea area = "false"/>
  				<scale scale = "20"/>
  				<lineColor color = "007777FF" />
  				<lineStyle dashed = "true" />
  				<wayWidth width="2" />
  				<routing accessible="false" speed="20" />  				  				
  			</Wvalue>
  			<Wvalue name = "footway">
  				<description desc = "Foot way"/>
  				<namekey tag = "name"/>  				
  				<isArea area = "false"/>
  				<scale scale = "20"/>
  				<lineColor color = "00FFFFFF" />
  				<lineStyle dashed = "false" />
  				<wayWidth width="2" />
  				<routing accessible="false" speed="3" />  				  				
  			</Wvalue>
  			<Wvalue name = "pedestrian">
  				<description desc = "Pedestrian zone"/>
  				<namekey tag = "name"/>  				
  				<isArea area = "false"/>
  				<scale scale = "20"/>
  				<lineColor color = "00CCCCCC" />
  				<lineStyle dashed = "false" />
  				<wayWidth width="3" />
  				<routing accessible="false" speed="3" />  				  				
  			</Wvalue>
  			<Wvalue name = "*">
  				<description desc = "Other highway"/>
  				<namekey tag = "name"/>  				
  				<namefallback tag = "*"/>  				
  				<isArea area = "false"/>
  				<scale scale = "19"/>
  				<lineColor color = "00FFAAAA" />  				  				  				
  			</Wvalue>
  		</keyW>
  		<keyW tag = "railway">
  			<Wvalue name = "rail">
  				<description desc = "Mainline rail"/>
  				<namekey tag = "name"/>  				
  				<isArea area = "false"/>
  				<scale scale = "20"/>
  				<lineColor color = "00FFFFFF" />
  				<lineStyle dashed = "true" />
  				<wayWidth width="1" />  				  				  				
  			</Wvalue>
  			<Wvalue name = "tram">
  				<description desc = "Tram"/>
  				<namekey tag = "name"/>  				
  				<isArea area = "false"/>
  				<scale scale = "20"/>
  				<lineColor color = "00007000" />
  				<lineStyle dashed = "true" />
  				<wayWidth width="1" />  				  				  				
  			</Wvalue>
  			<Wvalue name = "subway">
  				<description desc = "Tube"/>
  				<namekey tag = "name"/>  				
  				<isArea area = "false"/>
  				<scale scale = "20"/>
  				<lineColor color = "00FF8000" />
  				<lineStyle dashed = "true" />
  				<wayWidth width="1" />  				  				  				
  			</Wvalue>
  			<Wvalue name = "light_rail">
  				<description desc = "Light rail"/>
  				<namekey tag = "name"/>  				
  				<isArea area = "false"/>
  				<scale scale = "20"/>
  				<lineColor color = "00009000"/>
  				<lineStyle dashed = "true" />
  				<wayWidth width="1" />  				  				  				
  			</Wvalue>
  			<Wvalue name = "*">
  				<description desc = "Other railway"/>
  				<namekey tag = "name"/>  				
  				<namefallback tag = "*"/>  				
  				<isArea area = "false"/>
  				<scale scale = "19"/>
  				<lineColor color = "00FF55FF" />  				  				  				
  				<lineStyle dashed = "true" />
  			</Wvalue>
  		</keyW>
  		<keyW tag = "aerialway">
  			<Wvalue name = "*">
  				<description desc = "aerialway"/>
  				<namekey tag = "name"/>  				
  				<namefallback tag = "*"/>  				
  				<isArea area = "false"/>
  				<scale scale = "19"/>
  				<lineColor color = "00800080" />  				  				  				
  			</Wvalue>
  		</keyW>
		<keyW tag = "leisure">
  			<Wvalue name = "park">
  				<description desc = "Park"/>
  				<namekey tag = "name"/>  				
  				<isArea area = "true"/>
  				<scale scale = "19"/>
  				<lineColor color = "0000FF00" />
				<force_to layer = "-2"/>
  			</Wvalue>
  			<Wvalue name = "stadium">
  				<description desc = "stadium"/>
  				<namekey tag = "name"/>  				
  				<isArea area = "true"/>
  				<scale scale = "19"/>
  				<lineColor color = "00FFFFBB" />
  			</Wvalue>
  			<Wvalue name = "water_park">
  				<description desc = "water_park"/>
  				<namekey tag = "name"/>  				
  				<isArea area = "true"/>
  				<scale scale = "19"/>
  				<lineColor color = "006868FF" />
  			</Wvalue>
  			<Wvalue name = "garden">
  				<description desc = "garden"/>
  				<namekey tag = "name"/>  				
  				<isArea area = "true"/>
  				<scale scale = "19"/>
  				<lineColor color = "000AD351" />
  			</Wvalue>
  			<Wvalue name = "nature_reserve">
  				<description desc = "nature_reserve"/>
  				<namekey tag = "name"/>  				
  				<isArea area = "true"/>
  				<scale scale = "19"/>
  				<lineColor color = "00277C54" />
  			</Wvalue>
  			<Wvalue name = "common">
  				<description desc = "Common"/>
  				<namekey tag = "name"/>  				
  				<isArea area = "true"/>
  				<scale scale = "19"/>
  				<lineColor color = "0000CC00" />
  			</Wvalue>
  			<Wvalue name = "playground">
  				<description desc = "Playground"/>
  				<namekey tag = "name"/>  				
  				<isArea area = "true"/>
  				<scale scale = "19"/>
  				<lineColor color = "0066AA00" />
  			</Wvalue>
  			<Wvalue name = "*">
  				<description desc = "Other leisure"/>
  				<namekey tag = "name"/>  				
  				<namefallback tag = "*"/>  				
  				<isArea area = "true"/>
  				<scale scale = "19"/>
  				<lineColor color = "00FF55FF" />  				  				  				
  			</Wvalue>
  		</keyW>
  		<keyW tag = "amenity">
  			<Wvalue name = "parking">
  				<description desc = "parking"/>
  				<namekey tag = "name"/>  				
  				<isArea area = "true"/>
  				<scale scale = "19"/>
  				<lineColor color = "00FFFF64" />
			</Wvalue>  			
  			<Wvalue name = "taxi">
  				<description desc = "taxi"/>
  				<namekey tag = "name"/>  				
  				<isArea area = "true"/>
  				<scale scale = "19"/>
  				<lineColor color = "00F2F200" />
			</Wvalue>  			
  			<Wvalue name = "bicycle_parking">
  				<description desc = "bicycle_parking"/>
  				<namekey tag = "name"/>  				
  				<isArea area = "true"/>
  				<scale scale = "19"/>
  				<lineColor color = "004D9999" />
			</Wvalue>
  			<Wvalue name = "university">
  				<description desc = "university"/>
  				<namekey tag = "name"/>  				
  				<isArea area = "true"/>
  				<scale scale = "19"/>
  				<lineColor color = "00EEEEEE" />
			</Wvalue>  			
  			<Wvalue name = "school">
  				<description desc = "school"/>
  				<namekey tag = "name"/>  				
  				<isArea area = "true"/>
  				<scale scale = "19"/>
  				<lineColor color = "00EEEEEE" />
			</Wvalue>  			
  			<Wvalue name = "college">
  				<description desc = "college"/>
  				<namekey tag = "name"/>  				
  				<isArea area = "true"/>
  				<scale scale = "19"/>
  				<lineColor color = "00EEEEEE" />
			</Wvalue>
			<Wvalue name = "public_building">
  				<description desc = "public_building"/>
  				<namekey tag = "name"/>  				
  				<isArea area = "true"/>
  				<scale scale = "19"/>
  				<lineColor color = "00CC4444" />
			</Wvalue>  			
  			<Wvalue name = "hospital">
  				<description desc = "hospital"/>
  				<namekey tag = "name"/>  				
  				<isArea area = "true"/>
  				<scale scale = "19"/>
  				<lineColor color = "00FF9900" />
			</Wvalue>
  			<Wvalue name = "fountain">
  				<description desc = "fountain"/>
  				<namekey tag = "name"/>  				
  				<isArea area = "true"/>
  				<scale scale = "19"/>
  				<lineColor color = "000000FF" />
			</Wvalue>  				
  			<Wvalue name = "grave_yard">
  				<description desc = "Grave Yardk"/>
  				<namekey tag = "name"/>  				
  				<isArea area = "true"/>
  				<scale scale = "19"/>
  				<lineColor color = "00141414" /> 				  				
  			</Wvalue>  			
  			<Wvalue name = "*">
  				<description desc = "Other amenity"/>
  				<namekey tag = "name"/>  				
  				<namefallback tag = "*"/>  				
  				<isArea area = "true"/>
  				<scale scale = "19"/>
  				<lineColor color = "00FF55FF" />  				  				  				
  			</Wvalue>
  		</keyW>
  		<keyW tag = "waterway">
  			<Wvalue name = "river">
  				<description desc = "River"/>
  				<namekey tag = "name"/>  				
  				<isArea area = "false"/>
  				<scale scale = "17"/>
  				<lineColor color = "000000F0" />
  				<wayWidth width="10" />  				  				  				
  			</Wvalue>
  			<Wvalue name = "canal">
  				<description desc = "Canal"/>
  				<namekey tag = "name"/>  				
  				<isArea area = "false"/>
  				<scale scale = "19"/>
  				<lineColor color = "000000E0" />
  				<wayWidth width="6" />  				  				  				
  			</Wvalue>
  			<Wvalue name = "stream">
  				<description desc = "Stream"/>
  				<namekey tag = "name"/>  				
  				<isArea area = "false"/>
  				<scale scale = "19"/>
  				<lineColor color = "000000D0" />
  				<wayWidth width="3" />  				  				  				
  			</Wvalue>
  			<Wvalue name = "*">
  				<description desc = "Other waterway"/>
  				<namekey tag = "name"/>  				
  				<namefallback tag = "*"/>  				
  				<isArea area = "false"/>
  				<scale scale = "19"/>
  				<lineColor color = "005555FF" />  				  				  				
  			</Wvalue>
  		</keyW>
		<keyW tag = "aeroway">
  			<Wvalue name = "terminal">
  				<description desc = "aeroway runway"/>
  				<namekey tag = "name"/>  				
  				<isArea area = "true"/>
  				<scale scale = "17"/>
  				<lineColor color = "00BDBD86" />
  				<wayWidth width="16" />  				  				  				
  			</Wvalue>
  			<Wvalue name = "apron">
  				<description desc = "apron"/>
  				<namekey tag = "name"/>  				
  				<isArea area = "true"/>
  				<scale scale = "17"/>
  				<lineColor color = "00AAAAAA" />
  				<wayWidth width="16" />  				  				  				
  			</Wvalue>
  			<Wvalue name = "runway">
  				<description desc = "aeroway runway"/>
  				<namekey tag = "name"/>  				
  				<isArea area = "false"/>
  				<scale scale = "17"/>
  				<lineColor color = "00AAAAAA" />
  				<wayWidth width="16" />  				  				  				
  			</Wvalue>
  			<Wvalue name = "runway">
  				<description desc = "aeroway runway"/>
  				<namekey tag = "name"/>  				
  				<isArea area = "false"/>
  				<scale scale = "17"/>
  				<lineColor color = "00AAAAAA" />
  				<wayWidth width="16" />  				  				  				
  			</Wvalue>
  			<Wvalue name = "taxiway">
  				<description desc = "aeroway taxiway"/>
  				<namekey tag = "name"/>  				
  				<isArea area = "false"/>
  				<scale scale = "17"/>
  				<lineColor color = "00AAAAAA" />
  				<wayWidth width="8" />  				  				  				
  			</Wvalue>
  			<Wvalue name = "*">
  				<description desc = "other aeroway"/>
  				<namekey tag = "name"/>  				
  				<namefallback tag = "*"/>  				
  				<isArea area = "false"/>
  				<scale scale = "17"/>
  				<lineColor color = "00FFBBBB" />
  				<wayWidth width="8" />  				  				  				
  			</Wvalue>
  		</keyW>
  		<keyW tag = "landuse">
  			<Wvalue name = "forest">
  				<description desc = "Forest"/>
  				<namekey tag = "name"/>  				
  				<isArea area = "true"/>
  				<scale scale = "19"/>
  				<lineColor color = "00196618" />  				  				  				
				<force_to layer = "-2"/>
  			</Wvalue>
  			<Wvalue name = "farm">
  				<description desc = "farm"/>
  				<namekey tag = "name"/>  				
  				<isArea area = "true"/>
  				<scale scale = "19"/>
  				<lineColor color = "00886B1D" />
				<force_to layer = "-2"/>
  			</Wvalue>  		
  			<Wvalue name = "landfill">
  				<description desc = "landfill"/>
  				<namekey tag = "name"/>  				
  				<isArea area = "true"/>
  				<scale scale = "19"/>
  				<lineColor color = "004B4B4B" />  				  				  				
				<force_to layer = "-2"/>
  			</Wvalue>
  			<Wvalue name = "basin">
  				<description desc = "basin"/>
  				<namekey tag = "name"/>  				
  				<isArea area = "true"/>
  				<scale scale = "19"/>
  				<lineColor color = "000A0ACD" />  				  				
  			</Wvalue>
  			<Wvalue name = "reservoir">
  				<description desc = "reservoir"/>
  				<namekey tag = "name"/>  				
  				<isArea area = "true"/>
  				<scale scale = "19"/>
  				<lineColor color = "001E1EEB" />  				  				  				
				<force_to layer = "-2"/>
  			</Wvalue>
  			<Wvalue name = "allotments">
  				<description desc = "allotments"/>
  				<namekey tag = "name"/>  				
  				<isArea area = "true"/>
  				<scale scale = "19"/>
  				<lineColor color = "0099BE00" />  				  				  				
				<force_to layer = "-2"/>
  			</Wvalue>
  			<Wvalue name = "residential">
  				<description desc = "residential"/>
  				<namekey tag = "name"/>  				
  				<isArea area = "true"/>
  				<scale scale = "19"/>
  				<lineColor color = "00D2D2D2" />  				  				
				<force_to layer = "-2"/>
  			</Wvalue>
  			<Wvalue name = "retail">
  				<description desc = "retail"/>
  				<namekey tag = "name"/>  				
  				<isArea area = "true"/>
  				<scale scale = "19"/>
  				<lineColor color = "0039E3E7" />
				<force_to layer = "-2"/>
			</Wvalue>
  			<Wvalue name = "commercial">
  				<description desc = "commercial"/>
  				<namekey tag = "name"/>  				
  				<isArea area = "true"/>
  				<scale scale = "19"/>
  				<lineColor color = "00C0F2F3" />
				<force_to layer = "-2"/>
			</Wvalue>
  			<Wvalue name = "industrial">
  				<description desc = "industrial"/>
  				<namekey tag = "name"/>  				
  				<isArea area = "true"/>
  				<scale scale = "19"/>
  				<lineColor color = "00A3A316" />		  				  				
				<force_to layer = "-2"/>
  			</Wvalue>
  			<Wvalue name = "brownfield">
  				<description desc = "brownfield"/>
  				<namekey tag = "name"/>  				
  				<isArea area = "true"/>
  				<scale scale = "19"/>
  				<lineColor color = "004B4B0B" />			  				
				<force_to layer = "-2"/>
  			</Wvalue>
  			<Wvalue name = "greenfield">
  				<description desc = "greenfield"/>
  				<namekey tag = "name"/>  				
  				<isArea area = "true"/>
  				<scale scale = "19"/>
  				<lineColor color = "00A7A784" />		  				  				
				<force_to layer = "-2"/>
  			</Wvalue>
  			<Wvalue name = "construction">
  				<description desc = "construction"/>
  				<namekey tag = "name"/>  				
  				<isArea area = "true"/>
  				<scale scale = "19"/>
  				<lineColor color = "00A54D0C" />			  				
				<force_to layer = "-2"/>
  			</Wvalue>
  			<Wvalue name = "cemetery">
  				<description desc = "cemetery"/>
  				<namekey tag = "name"/>  				
  				<isArea area = "true"/>
  				<scale scale = "19"/>
  				<lineColor color = "00141414" /> 				  				
				<force_to layer = "-2"/>
  			</Wvalue>
			<Wvalue name = "village_green">
  				<description desc = "village_green"/>
  				<namekey tag = "name"/>  				
  				<isArea area = "true"/>
  				<scale scale = "19"/>
  				<lineColor color = "0000FF00" />
				<force_to layer = "-2"/>
			</Wvalue>
  			<Wvalue name = "recreation_ground">
  				<description desc = "recreation_ground"/>
  				<namekey tag = "name"/>  				
  				<isArea area = "true"/>
  				<scale scale = "19"/>
  				<lineColor color = "005ABA39" />
				<force_to layer = "-2"/>
			</Wvalue>
  			<Wvalue name = "railway">
  				<description desc = "railway"/>
  				<namekey tag = "name"/>  				
  				<isArea area = "true"/>
  				<scale scale = "19"/>
  				<lineColor color = "00967777" />
			</Wvalue>
  			<Wvalue name = "quarry">
  				<description desc = "quarry"/>
  				<namekey tag = "name"/>  				
  				<isArea area = "true"/>
  				<scale scale = "19"/>
  				<lineColor color = "00A0A0A0" />
				<force_to layer = "-2"/>
			</Wvalue>
  			<Wvalue name = "*">
  				<description desc = "Other landuse"/>
  				<namekey tag = "name"/>  				
  				<namefallback tag = "*"/>  				
  				<isArea area = "true"/>
  				<scale scale = "19"/>
  				<lineColor color = "0033CC33" />  				  				  				
				<force_to layer = "-2"/>
  			</Wvalue>
   		</keyW>
  		<keyW tag = "natural">
  			<Wvalue name = "water">
  				<description desc = "Lake"/>
  				<namekey tag = "name"/>  				
  				<isArea area = "true"/>
  				<scale scale = "19"/>
  				<lineColor color = "000000CC" />
			</Wvalue>  			
  			<Wvalue name = "wood">
  				<description desc = "Wood"/>
  				<namekey tag = "name"/>  				
  				<isArea area = "true"/>
  				<scale scale = "19"/>
  				<lineColor color = "00196618" />  				  				  				
				<force_to layer = "-2"/>
			</Wvalue>  			
  			<Wvalue name = "coastline">
  				<description desc = "coastline"/>
  				<namekey tag = "name"/>  				
  				<isArea area = "false"/>
  				<scale scale = "6"/>
  				<lineColor color = "00005555" />  				  				  				
  				<wayWidth width="10" />
				<force_to layer = "-2"/>
			</Wvalue>  			
  			<Wvalue name = "beach">
  				<description desc = "beach"/>
  				<namekey tag = "name"/>  				
  				<isArea area = "true"/>
  				<scale scale = "19"/>
  				<lineColor color = "00FFFF9F" />  				  				  				
				<force_to layer = "-2"/>
			</Wvalue>
  			<Wvalue name = "glacier">
  				<description desc = "glacier"/>
  				<namekey tag = "name"/>  				
  				<isArea area = "true"/>
  				<scale scale = "19"/>
  				<lineColor color = "00FFFFFF" />  				  				  				
			</Wvalue>  			
  			<Wvalue name = "cliff">
  				<description desc = "cliff"/>
  				<namekey tag = "name"/>  				
  				<isArea area = "true"/>
  				<scale scale = "19"/>
  				<lineColor color = "00BDBDBD" />  				  				  				
			</Wvalue>  			
  			<Wvalue name = "scree">
  				<description desc = "scree"/>
  				<namekey tag = "name"/>  				
  				<isArea area = "true"/>
  				<scale scale = "19"/>
  				<lineColor color = "00A0A0A0" />  				  				  				
			</Wvalue>  			
  			<Wvalue name = "mud">
  				<description desc = "mud"/>
  				<namekey tag = "name"/>  				
  				<isArea area = "true"/>
  				<scale scale = "19"/>
  				<lineColor color = "00804000" />  				  				  				
			</Wvalue>  			
  			<Wvalue name = "cave_entrance">
  				<description desc = "cave_entrance"/>
  				<namekey tag = "name"/>  				
  				<isArea area = "true"/>
  				<scale scale = "19"/>
  				<lineColor color = "006C6C6C" />  				  				  				
			</Wvalue>
			<Wvalue name = "*">
  				<description desc = "Other natural"/>
  				<namekey tag = "name"/>  				
  				<namefallback tag = "*"/>  				
  				<isArea area = "true"/>
  				<scale scale = "19"/>
  				<lineColor color = "0055FF55" />  				  				  				
  			</Wvalue>
			</keyW>  		
  		<keyW tag = "building">
  			<Wvalue name = "yes">
  				<description desc = "Building"/>
  				<namekey tag = "name"/>  				
  				<isArea area = "true"/>
  				<scale scale = "20"/>
  				<textscale scale = "21"/>
  				<lineColor color = "00CC0000" />
			</Wvalue>  			
  			<Wvalue name = "*">
  				<description desc = "Other building"/>
  				<namekey tag = "name"/>  				
  				<namefallback tag = "*"/>  				
  				<isArea area = "true"/>
  				<scale scale = "20"/>
  				<textscale scale = "21"/>
  				<lineColor color = "00EE0000" />
			</Wvalue>  			
  		</keyW>  		
	</ways>
</legend>
