<?xml version="1.0" encoding="UTF-8"?>
<!DOCTYPE legend SYSTEM "style-file.dtd">
<!--
This is a sample style file for use with GpsMid. It allows
to specify which map features get converted from the osm
data to GpsMid. This can and should be changed at will to suit
your personal preferences, as long as it conforms to style-file.dtd.

WARNING: There is currently one extra restriction. The "key tag=place"
currently must be the first in the stylefile and must contain 5 different
places in decending order or importance. This is due to some hardcoded
assumptions in the code for calculating is_in relations for the search
dialog.
-->

<!-- available scale aliases for the scale parameter: 
scale alias 31: zoomed in 9x
scale alias 30: zoomed in 8x
scale alias 29: zoomed in 7x
scale alias 28: zoomed in 6x
scale alias 27: zoomed in 5x
scale alias 26: zoomed in 4x
scale alias 25: zoomed in 3x
scale alias 24: zoomed in 2x
scale alias 23: zoomed in 1x
scale alias 22: startup zoom level of GpsMid
scale alias 21: zoomed out 1x
scale alias 20: zoomed out 2x
scale alias 19: zoomed out 3x
scale alias 18: zoomed out 4x
scale alias 17: zoomed out 5x
scale alias 16: zoomed out 6x
scale alias 15: zoomed out 7x
scale alias 14: zoomed out 8x
scale alias 13: zoomed out 9x
scale alias 12: zoomed out 10x
scale alias 11: zoomed out 11x
scale alias 10: zoomed out 12x
scale alias 9: zoomed out 13x
scale alias 8: zoomed out 14x
scale alias 7: zoomed out 15x
scale alias 6: zoomed out 16x
scale alias 5: zoomed out 17x
scale alias 4: zoomed out 18x
scale alias 3: zoomed out 19x
scale alias 2: zoomed out 20x
scale alias 1: zoomed out 21x
-->


<legend>
  <version release="0.5.09"/>
  <colors>
	<!-- Map Screen -->
	<color of="map_background" is="009BFF9B" isAtNight="006BC06B"/>
	<color of="map_text" is="00000000"/>
	<color of="speed_background" is="009BFF9B"/>
	<color of="speed_text" is="00000000"/>
	<color of="titleBar_background" is="00FFFFFF" isAtNight="0000A000"/>
	<color of="titleBar_text" is="00000000" isAtNight="00000000"/>
	<color of="wayName_background" is="00FFFFFF" isAtNight="00000000"/>
	<color of="wayName_text" is="00000000" isAtNight="0000A000"/>
	<color of="area_label_text" is="00000000"/>	
	<color of="way_label_text" is="00000000"/>	
	<color of="way_label_text_abbreviated" is="00646464"/>	
	<color of="poi_label_text" is="00000000"/>	
	<color of="wayPoint_label_text" is="00000000"/>	
	<color of="oneway_arrow" is="00323232"/>	
	<color of="oneway_arrow_non_fitting" is="00505050"/>	
	<color of="recording_suspended_text" is="000000FF"/>
	<color of="recording_on_text" is="00FF0000"/>
	<color of="cellid_log_on_text" is="00FFFF96"/>
	<color of="cellid_log_on_attempting_text" is="00FF5656"/>
	<color of="audioRec_text" is="00FF0000"/>
	<color of="target_text" is="00000000"/>
	<color of="target_line" is="00FF3232"/>
	<color of="map_cursor" is="00000000"/>
	<color of="map_posindicator" is="00000000"/>
	<color of="scalebar" is="00000000"/>
	<color of="zoom_button" is="00000000"/>
	<color of="zoom_text" is="00000000"/>
	<color of="compass_direction_background" is="00FFFF96"/>
	<color of="compass_direction_text" is="00000000"/>
	<!-- Routing -->
	<color of="ri_at_target" is="00B0B030"/>	
	<color of="ri_on_route" is="00B7FBBA"/>	
	<color of="ri_off_route_slight" is="00FFCD9B"/>	
	<color of="ri_off_route_full" is="00FF5402"/>	
	<color of="ri_not_at_route_line_yet" is="00808080"/>
	<color of="ri_check_direction" is="00FFFF64"/>
	<color of="ri_text" is="00000000"/>
	<color of="ri_distance_background" is="00B0B030"/>
	<color of="ri_distance_text" is="00000000"/>
	<color of="ri_off_distance_text" is="00000000"/>
	<color of="routeLine" is="0000C0C0"/>
	<color of="routeLine_border" is="0064FFFF"/>
	<color of="priorRouteLine" is="00006633"/>
	<color of="priorRouteLine_border" is="0033BFBF"/>
	<color of="routeDot" is="00FFFF00"/>
	<color of="routeDot_border" is="00FF0000"/>
	<!-- Icon Menu -->
	<color of="iconMenu_background" is="00000000"/>	
	<color of="iconMenu_tabButton_border" is="00707070"/>	
	<color of="iconMenu_tabButton_text" is="00FFFFFF"/>	
	<color of="iconMenu_tabButton_text_highlight" is="00FFFF00"/>	
	<color of="iconMenu_tabButton_text_inactive" is="00808080"/>	
	<color of="iconMenu_icon_text" is="00FFFFFF"/>	
	<color of="iconMenu_icon_border_highlight" is="00FFFF00"/>
	<!-- alert -->
	<color of="alert_background" is="00DEDEDE"/>	
	<color of="alert_border" is="00000000"/>	
	<color of="alert_title_background" is="00FFFFFF"/>	
	<color of="alert_text" is="00000000"/>	
	<!-- customMenu -->
	<color of="customMenu_background" is="00E0E0E0"/>	
	<color of="customMenu_border" is="00000000"/>	
	<color of="customMenu_title_background" is="00FFFFFF"/>	
	<color of="customMenu_text" is="00000000"/>	
	<color of="customMenu_highlight_background" is="00FFFFFF"/>	
	<!-- other screens -->
	<color of="tacho_background" is="00FFFFFF"/>	
	<color of="tacho_text" is="00000000"/>	
  </colors>
  
  <sounds>
<!-- move the following line out of the comment
     to set the file extensions of all soundFile definitions to .mp3
	<changeFileExtensionTo fileExt=".mp3"/>
-->		

<!-- these sounds have internal tone sequence
     that will be used if commented out here
-->	
	<sound name="CONNECT">
		<soundFile src="connect.amr"/>
	</sound>
	<sound name="DISCONNECT">
		<soundFile src="disconnect.amr"/>
	</sound>
<!-- these soundFiles are automatically determined by the midlet
      and can stay commented out as long as you don't want
      to include other sound files or formats (.mp3, .wav) for them.
-->
	<sound name="PREPARE">
		<soundFile src="prepare.amr"/>
	</sound>
	<sound name="HALF">
		<soundFile src="half.amr"/>
	</sound>
	<sound name="HARD">
		<soundFile src="hard.amr"/>
	</sound>
	<sound name="BEAR">
		<soundFile src="bear.amr"/>
	</sound>
	<sound name="LEFT">
		<soundFile src="left.amr"/>
	</sound>
	<sound name="RIGHT">
		<soundFile src="right.amr"/>
	</sound>
	<sound name="CONTINUE">
		<soundFile src="continue.amr"/>
	</sound>
	<sound name="STRAIGHTON">
		<soundFile src="straighton.amr"/>
	</sound>
	<sound name="THEN">
		<soundFile src="then.amr"/>
	</sound>
	<sound name="SOON">
		<soundFile src="soon.amr"/>
	</sound>
	<sound name="AGAIN">
		<soundFile src="again.amr"/>
	</sound>
	<sound name="TO">
		<soundFile src="to.amr"/>
	</sound>
	<sound name="ENTER_MOTORWAY">
		<soundFile src="enter_motorway.amr"/>
	</sound>
	<sound name="LEAVE_MOTORWAY">
		<soundFile src="leave_motorway.amr"/>
	</sound>
	<sound name="RAB">
		<soundFile src="rab.amr"/>
	</sound>
	<sound name="1ST">
		<soundFile src="1st.amr"/>
	</sound>
	<sound name="2ND">
		<soundFile src="2nd.amr"/>
	</sound>
	<sound name="3RD">
		<soundFile src="3rd.amr"/>
	</sound>
	<sound name="4TH">
		<soundFile src="4th.amr"/>
	</sound>
	<sound name="5TH">
		<soundFile src="5th.amr"/>
	</sound>
	<sound name="6TH">
		<soundFile src="6th.amr"/>
	</sound>
	<sound name="RABEXIT">
		<soundFile src="rabexit.amr"/>
	</sound>
	<sound name="CHECK_DIRECTION">
		<soundFile src="check_direction.amr"/>
	</sound>
	<sound name="ROUTE_RECALCULATION">
		<soundFile src="route_recalculation.amr"/>
	</sound>
	<sound name="TARGET_REACHED">
		<soundFile src="target_reached.amr"/>
	</sound>
	<sound name="IN">
		<soundFile src="in.amr"/>
	</sound>
	<sound name="100">
		<soundFile src="100.amr"/>
	</sound>
	<sound name="200">
		<soundFile src="200.amr"/>
	</sound>
	<sound name="300">
		<soundFile src="300.amr"/>
	</sound>
	<sound name="400">
		<soundFile src="400.amr"/>
	</sound>
	<sound name="500">
		<soundFile src="500.amr"/>
	</sound>
	<sound name="600">
		<soundFile src="600.amr"/>
	</sound>
	<sound name="700">
		<soundFile src="700.amr"/>
	</sound>
	<sound name="800">
		<soundFile src="800.amr"/>
	</sound>
	<sound name="METERS">
		<soundFile src="meters.amr"/>
	</sound>
	<sound name="INTO_TUNNEL">
		<soundFile src="into_tunnel.amr"/>
	</sound>
	<sound name="OUT_OF_TUNNEL">
		<soundFile src="out_of_tunnel.amr"/>
	</sound>
	<sound name="FOLLOW_STREET">
		<soundFile src="follow_street.amr"/>
	</sound>
	<sound name="SPEED_LIMIT">
		<soundFile src="speed_limit.amr"/>
	</sound>
  </sounds>
  <pois>
	<key tag="place">
	  <value name="city">
		<description desc = "City"/>
		<searchIcon src="city.png"/>
		<namekey tag="name"/>	
		<scale scale="6"/>
		<hideable hideable="false"/>
	  </value>
	  <value name="town">
		<description desc = "Town"/>
		<searchIcon src="city.png"/>
		<namekey tag="name"/>
		<scale scale = "12"/>
		<hideable hideable="false"/>
	  </value>
	  <value name="village">
		<description desc = "Village"/>
		<searchIcon src="city.png"/>
		<namekey tag="name"/>
		<scale scale = "16"/>
		<hideable hideable="false"/>
	  </value>
	  <value name="hamlet">
		<description desc = "Hamlet"/>
		<searchIcon src="city.png"/>
		<namekey tag="name"/>
		<scale scale = "17"/>
		<hideable hideable="false"/>
	  </value>
	  <value name="suburb">
		<description desc = "Suburb"/>
		<searchIcon src="city.png"/>
		<namekey tag="name"/>
		<scale scale = "17"/>
		<hideable hideable="false"/>
	  </value>
	</key>
	<key tag="amenity">
	  <value name ="post_box">
		<description desc = "Post box"/>
		<image src="post_box.png"/>
		<namekey tag="name"/>
		<scale scale="20"/>
		<textscale scale="23"/>
	  </value>	
	  <value name ="post_office">
		<description desc = "Post office"/>
		<image src="post_office.png"/>
		<namekey tag="name"/>
		<scale scale="20"/>
		<textscale scale="23"/>
	  </value>
	  <value name ="college">
		<description desc = "College"/>
		<image src="college.png"/>
		<namekey tag="name"/>
		<scale scale="20"/>
		<textscale scale="23"/>
	  </value>
	  <value name ="kindergarten">
		<description desc = "Kindergarden"/>
		<image src="kindergarten.png"/>
		<namekey tag="name"/>
		<scale scale="20"/>
		<textscale scale="23"/>
	  </value>
	  <value name ="school">
		<description desc = "School"/>
		<image src="school.png"/>
		<namekey tag="name"/>
		<scale scale="20"/>
		<textscale scale="23"/>
	  </value>
	  <value name ="university">
		<description desc = "University"/>
		<image src="college.png"/>
		<namekey tag="name"/>
		<scale scale="20"/>
		<textscale scale="23"/>
	  </value>
	  <value name ="telephone">
		<description desc = "Public telephone"/>
		<image src="telephone.png"/>
		<namekey tag="name"/>
		<scale scale="20"/>
		<textscale scale="23"/>
	  </value>
	  <value name ="emergency_phone">
		<description desc = "Emergency phone"/>
		<image src="emergency_phone.png"/>
		<namekey tag="name"/>
		<scale scale="20"/>
		<textscale scale="23"/>
	  </value>
	  <value name ="restaurant">
		<description desc = "Restaurant"/>
		<image src="restaurant.png"/>
		<namekey tag="name"/>
		<scale scale="20"/>
		<textscale scale="23"/>
	  </value>
	  <value name ="fast_food">
		<description desc = "Fast food"/>
		<image src="fastfood.png"/>
		<namekey tag="name"/>
		<scale scale="20"/>
		<textscale scale="23"/>
	  </value>
	  <value name ="hospital">
		<description desc = "Hospital"/>
		<image src="hospital.png"/>
		<namekey tag="name"/>
		<scale scale="20"/>
		<textscale scale="23"/>
	  </value>
	  <value name ="pub">
		<description desc = "Pub"/>
		<image src="pub.png"/>
		<namekey tag="name"/>
		<scale scale="20"/>
		<textscale scale="23"/>
	  </value>
	  <value name ="cafe"  priority = "-10">
		<description desc = "Cafe"/>
		<image src="cafe.png"/>
		<namekey tag="name"/>
		<scale scale="20"/>
		<textscale scale="23"/>
	  </value>
	  <value name ="ice_cream">
		<description desc = "Ice Cream"/>
		<image src="icecream.png"/>
		<namekey tag="name"/>
		<AreaPOI createForAreas="true"/>
		<scale scale="20"/>
		<textscale scale="23"/>
	  </value>
	  <value name ="atm">
		<description desc = "Cash machine"/>
		<image src="atm.png"/>
		<namekey tag="name"/>
		<scale scale="20"/>
		<textscale scale="23"/>
	  </value>
	  <value name ="bank">
		<description desc = "Bank"/>
		<image src="bank.png"/>
		<namekey tag="name"/>
		<scale scale="20"/>
		<textscale scale="23"/>
	  </value>
	  <value name ="bureau_de_change">
		<description desc = "Currency exchange"/>
		<image src="exchange.png"/>
		<namekey tag="name"/>
		<scale scale="20"/>
		<textscale scale="23"/>
	  </value>	  
	  <value name ="cinema">
		<description desc = "Cinema"/>
		<image src="cinema.png"/>
		<namekey tag="name"/>
		<scale scale="20"/>
		<textscale scale="23"/>
	  </value>
	  <value name ="theatre">
		<description desc = "Theatre"/>
		<image src="theater.png"/>
		<namekey tag="name"/>
		<scale scale="20"/>
		<textscale scale="23"/>
	  </value>
	  <value name ="pharmacy">
		<description desc = "Pharmacy"/>
		<image src="pharmacy.png"/>
		<namekey tag="name"/>
		<scale scale="20"/>
		<textscale scale="23"/>
	  </value>
	  <value name ="place_of_worship">
		<description desc = "Church"/>
		<image src="church.png"/>
		<namekey tag="name"/>
		<scale scale="20"/>
		<textscale scale="23"/>
	  </value>
	  <value name ="fuel">
		<description desc = "Fuel station"/>
		<image src="fuel.png"/>
		<namekey tag="operator"/>
		<namefallback tag="name"/>
		<scale scale="20"/>
		<textscale scale="23"/>		
	  </value>
	  <value name ="toilets">
		<description desc = "Public toilet"/>
		<image src="toilets.png"/>
		<namekey tag="name"/>
		<scale scale="20"/>
		<textscale scale="23"/>		
	  </value>
	  <value name ="recycling">
		<description desc = "Recycling"/>
		<image src="recycling.png"/>
		<namekey tag="name"/>
		<scale scale="20"/>
		<textscale scale="23"/>		
	  </value>
	  <value name ="library">
		<description desc = "Library"/>
		<image src="library.png"/>
		<namekey tag="name"/>
		<scale scale="20"/>
		<textscale scale="23"/>		
	  </value>
	  <value name ="biergarten">
		<description desc = "Biergarten"/>
		<image src="biergarten.png"/>
		<namekey tag="name"/>
		<scale scale="20"/>
		<textscale scale="23"/>
	  </value>
	  <value name ="bench">
		<description desc = "Park bench"/>
		<image src="bench.png"/>
		<namekey tag="name"/>
		<scale scale="20"/>
		<textscale scale="23"/>
	  </value>
	  <value name ="shelter">
		<description desc = "Shelter"/>
		<image src="shelter.png"/>
		<namekey tag="name"/>
		<scale scale="20"/>
		<textscale scale="23"/>
	  </value>
	  <value name ="fire_station">
		<description desc = "Fire station"/>
		<image src="firebrigade.png"/>
		<namekey tag="name"/>
		<scale scale="20"/>
		<textscale scale="23"/>
	  </value>	
	  <value name ="nightclub">
		<description desc = "Nightclub"/>
		<image src="nightclub.png"/>
		<namekey tag="name"/>
		<scale scale="20"/>
		<textscale scale="23"/>
	  </value>	
	  <value name ="police">
		<description desc = "Police station"/>
		<image src="police.png"/>
		<namekey tag="name"/>
		<scale scale="20"/>
		<textscale scale="23"/>
	  </value>	
	  <value name ="car_rental">
		<description desc = "Car rental"/>
		<image src="car_rental.png"/>
		<namekey tag="name"/>
		<scale scale="20"/>
		<textscale scale="23"/>
	  </value>
	  <value name ="car_sharing">
		<description desc = "Car sharing"/>
		<image src="car_sharing.png"/>
		<namekey tag="name"/>
		<scale scale="20"/>
		<textscale scale="23"/>
	  </value>
	  <value name ="parking">
		<description desc = "Car parking"/>
		<image src="parking.png"/>
		<namekey tag="name"/>
		<scale scale="20"/>
		<textscale scale="23"/>
	  </value>
	  <value name ="bicycle_rental">
		<description desc = "Bicycle rental"/>
		<image src="bicycle_rental.png"/>
		<namekey tag="name"/>
		<scale scale="20"/>
		<textscale scale="23"/>
	  </value>
	  <value name ="bicycle_parking">
		<description desc = "Bicycle parking"/>
		<image src="bicycling.png"/>
		<namekey tag="name"/>
		<scale scale="20"/>
		<textscale scale="23"/>		
	  </value>
	  <value name ="taxi">
		<description desc = "Taxi"/>
		<image src="taxi.png"/>
		<namekey tag="name"/>
		<scale scale="20"/>
		<textscale scale="23"/>
	  </value>
	  <!--
	     <value name="*">
		<description desc = "Other amenity"/>
		<image src="otheramenity.png"/>
		<namekey tag="name"/>
		<scale scale="20"/>
		<textscale scale="23"/>
	   </value>
             -->
	</key>
	<key tag="leisure">
	  <value name ="water_park">
		<description desc = "Water park"/>
		<image src="water_park.png"/>
		<namekey tag="name"/>
		<scale scale="20"/>
		<textscale scale="23"/>
	  </value>
	  <value name ="playground">
		<description desc = "Playground"/>
		<image src="playground.png"/>
		<namekey tag="name"/>
		<scale scale="20"/>
		<textscale scale="23"/>
	  </value>
	</key>	
	<key tag="shop">
	   <value name="supermarket">
		<description desc = "Supermarket"/>
		<image src="supermarket.png"/>
		<namekey tag="name"/>
		<scale scale="20"/>
		<textscale scale="23"/>
	  </value>
	  <value name="bakery">
		<description desc = "Bakery"/>
		<image src="bakery.png"/>
		<namekey tag="name"/>
		<scale scale="20"/>
		<textscale scale="23"/>
	  </value>
	  <value name="butcher">
		<description desc = "Butcher"/>
		<image src="butcher.png"/>
		<namekey tag="name"/>
		<scale scale="20"/>
		<textscale scale="23"/>
	  </value>
	  <value name="doityourself">
		<description desc = "Do-it-yourself store"/>
		<image src="diy_store.png"/>
		<namekey tag="name"/>
		<scale scale="20"/>
		<textscale scale="23"/>
	  </value>
	  <value name="kiosk">
		<description desc = "Kiosk"/>
		<image src="kiosk.png"/>
		<namekey tag="name"/>
		<scale scale="20"/>
		<textscale scale="23"/>
	  </value>
	  <value name="laundry">
		<description desc = "Laundry"/>
		<image src="laundry.png"/>
		<namekey tag="name"/>
		<scale scale="20"/>
		<textscale scale="23"/>
	  </value>
	  <value name="optician">
		<description desc = "Optician"/>
		<image src="optician.png"/>
		<namekey tag="name"/>
		<scale scale="20"/>
		<textscale scale="23"/>
	  </value>
	  <!--
	  <value name="*">
		<description desc = "Other shop"/>
		<image src="othershop.png"/>
		<namekey tag="name"/>
		<namefallback tag = "*"/>
		<scale scale="20"/>
		<textscale scale="23"/>
	  </value>
	-->
	</key>
	<key tag="highway">
	   <value name="bus_stop">
		<description desc = "Bus stop"/>
		<image src="bus.png"/>		
		<namekey tag="name"/>
		<scale scale="20"/>
		<textscale scale="23"/>
		<imageCentered value="true"/>
	  </value>
      <value name="services">
		<description desc = "Services"/>
		<image src="services.png"/>		
		<namekey tag="name"/>
		<scale scale="14"/>
		<textscale scale="23"/>
		<imageCentered value="true"/>
	  </value>
      <value name="toll_booth">
		<description desc = "Toll station"/>
		<image src="toll_station.png"/>		
		<namekey tag="name"/>
		<scale scale="14"/>
		<textscale scale="23"/>
		<imageCentered value="true"/>
	  </value>
	   <value name="motorway_junction">
			<description desc = "Motorway junction"/>
			<image src="motorway_junction.png"/>		
			<namekey tag="ref"/>
  			<namefallback tag = "name"/>
			<scale scale="17"/>
			<textscale scale="23"/>
			<imageCentered value="true"/>
			<hideable hideable="false"/>
	  </value>
	</key>
	<key tag="railway">
	   <value name="station">
		<description desc = "Railway station"/>
		<image src="railstation.png"/>		
		<namekey tag="name"/>
		<scale scale="20"/>
		<textscale scale="23"/>
		<imageCentered value="true"/>
		<hideable hideable="false"/>
	  </value>
	  <value name="tram_stop">
		<description desc = "Tram station"/>
		<image src="tram.png"/>		
		<namekey tag="name"/>
		<scale scale="20"/>
		<textscale scale="23"/>
		<imageCentered value="true"/>
	  </value>
	  <value name="level_crossing">
		<description desc = "Railway X street"/>
		<image src="crossing.png"/>		
		<namekey tag="name"/>
		<scale scale="20"/>
		<textscale scale="23"/>
		<imageCentered value="true"/>
		<hideable hideable="false"/>
	  </value>
	  <value name="crossing">
		<description desc = "Railway X footway"/>
		<image src="crossing_small.png"/>		
		<namekey tag="name"/>
		<scale scale="20"/>
		<textscale scale="23"/>
		<imageCentered value="true"/>
		<hideable hideable="false"/>
	  </value>
	</key>
	<key tag="tourism">
	  <value name="hotel">
		<description desc = "Hotel"/>
		<image src="hotel.png"/>
		<namekey tag="name"/>
		<scale scale="20"/>
		<textscale scale="23"/>		
	  </value>
	  <value name="hostel">
		<description desc = "Hostel"/>
		<image src="hostel.png"/>
		<namekey tag="name"/>
		<scale scale="20"/>
		<textscale scale="23"/>		
	  </value>
	  <value name="motel">
		<description desc = "Motel"/>
		<image src="motel.png"/>
		<namekey tag="name"/>
		<scale scale="20"/>
		<textscale scale="23"/>		
	  </value>
	  <value name="camp_site">
		<description desc = "Camping"/>
		<image src="camping.png"/>
		<namekey tag="name"/>
		<scale scale="20"/>
		<textscale scale="23"/>		
	  </value>
	  <value name="attraction"  priority = "-10">
		<description desc = "Tourism attraction"/>
		<image src="attraction.png"/>
		<namekey tag="name"/>
		<scale scale="20"/>
		<textscale scale="23"/>
	  </value>
	  <value name="viewpoint">
		<description desc = "View point"/>
		<image src="viewpoint.png"/>
		<namekey tag="name"/>
		<scale scale="20"/>
		<textscale scale="23"/>
	  </value>
	  <value name="information">
		<description desc = "Information"/>
		<image src="information.png"/>
		<namekey tag="name"/>
		<scale scale="20"/>
		<textscale scale="23"/>
	  </value>
	  <value name="museum">
		<description desc = "Museum"/>
		<image src="museum.png"/>
		<namekey tag="name"/>
		<scale scale="20"/>
		<textscale scale="23"/>
	  </value>
	  <value name="theme_park">
		<description desc = "Theme park"/>
		<image src="theme_park.png"/>
		<namekey tag="name"/>
		<scale scale="20"/>
		<textscale scale="23"/>
	  </value>
	  <value name="zoo">
		<description desc = "Zoo"/>
		<image src="zoo.png"/>
		<namekey tag="name"/>
		<scale scale="20"/>
		<textscale scale="23"/>
	  </value>
	  <!--
	  <value name="*">
		<description desc = "Other tourism"/>
		<image src="othertourism.png"/>
		<namekey tag="name"/>
		<scale scale="20"/>
		<textscale scale="23"/>
	  </value>
	   -->
	</key>
	<key tag="historic">
	  <value name ="castle">
		<description desc = "Castle"/>
		<image src="castle.png"/>
		<namekey tag="name"/>
		<scale scale="20"/>
		<textscale scale="23"/>
	  </value>	
	  <value name ="monument">
		<description desc = "Monument"/>
		<image src="monument.png"/>
		<namekey tag="name"/>
		<scale scale="20"/>
		<textscale scale="23"/>
		<imageCentered value="true"/>
	  </value>	
	</key>
	<key tag="natural">
	  <value name="beach">
		<description desc = "Beach"/>
		<image src="beach.png"/>
		<namekey tag="name"/>
		<scale scale="18"/>
		<textscale scale="20"/>
	  </value>
	  <value name="peak">
		<description desc = "Peak"/>
		<image src="peak.png"/>
		<namekey tag="name"/>
		<namefallback tag = "ele"/>
		<scale scale="16"/>
		<textscale scale="20"/>
	  </value>
	</key>	
	<key tag="landuse">
	  <value name ="farm">
		<description desc = "Farm"/>
		<image src="farm.png"/>
		<namekey tag="name"/>
		<scale scale="20"/>
		<textscale scale="23"/>
	  </value>	
	</key>
	<key tag="man_made">
		<value name ="beacon">
			<description desc = "Beacon"/>
			<image src="beacon.png"/>
			<namekey tag="name"/>
			<scale scale="20"/>
			<textscale scale="23"/>
		</value>
		<value name ="lighthouse">
			<description desc = "Lighthouse"/>
			<image src="lighthouse.png"/>
			<namekey tag="name"/>
			<scale scale="20"/>
			<textscale scale="23"/>
		</value>	
		<value name ="tower">
			<description desc = "Tower"/>
			<image src="tower.png"/>
			<namekey tag="name"/>
			<scale scale="20"/>
			<textscale scale="23"/>
		</value>
		<value name ="water_tower">
			<description desc = "Water tower"/>
			<image src="water_tower.png"/>
			<namekey tag="name"/>
			<scale scale="20"/>
			<textscale scale="23"/>
		</value>
	</key>
	<key tag = "power">
		<value name ="generator">
			<specialisation key="power_source" value="wind"/>
			<description desc = "Wind generator"/>
			<image src="power_wind.png"/>
			<namekey tag="name"/>
			<scale scale="20"/>
			<textscale scale="23"/>
		</value>
<!--
		<value name = "tower">
			<description desc = "Power tower"/>
			<image src="power_tower.png"/>
			<namekey tag="ref"/>
			<scale scale="20"/>
			<textscale scale="23"/>
		</value>
-->
	</key>
	<key tag="aeroway">
	  <value name ="aerodrome">
		<description desc = "Aerodrome"/>
		<image src="aerodrome.png"/>
		<namekey tag="name"/>
		<scale scale="14"/>
		<textscale scale="20"/>
		<hideable hideable="false"/>
	  </value>	
	  <value name ="terminal">
		<description desc = "Terminal"/>
		<image src="terminal.png"/>
		<namekey tag="name"/>
		<scale scale="20"/>
		<textscale scale="23"/>
	  </value>	
	  <value name ="helipad">
		<description desc = "Helipad"/>
		<image src="helipad.png"/>
		<namekey tag="name"/>
		<scale scale="20"/>
		<textscale scale="23"/>
	  </value>	
	</key>	
	<key tag="sport">
	  <value name ="table_tennis">
		<description desc = "Table tennis"/>
		<image src="table_tennis.png"/>
		<namekey tag="name"/>
		<scale scale="20"/>
		<textscale scale="23"/>
	  </value>
  	</key>
  </pois>
  <ways>
  		<keyW tag = "highway">
  			<Wvalue name = "motorway" priority = "10">
  				<description desc = "motorway"/>
  				<namekey tag = "name"/>
  				<namefallback tag = "ref"/>
  				<isArea area = "false"/>
  				<scale scale = "3"/>
  				<lineColor color = "00809BC0" />
  				<wayWidth width="8" />
  				<routing with="motorcar" accessible="true" speed="120" />  	
  				<routing with="bicycle" accessible="false" speed="5" />  	
  				<routing with="foot" accessible="false" speed="2" />  	
  			</Wvalue>
  			<Wvalue name = "motorway_link" priority = "10">
  				<description desc = "motorway link"/>
  				<namekey tag = "name"/>
  				<namefallback tag = "ref"/>
  				<isArea area = "false"/>
  				<scale scale = "14"/>
  				<lineColor color = "00809BC0" />
  				<wayWidth width="8" />
  				<routing with="motorcar" accessible="true" speed="60" />  	
  				<routing with="bicycle" accessible="false" speed="5" />
  				<routing with="foot" accessible="false" speed="2" />  	
  			</Wvalue>
  			<Wvalue name = "trunk" priority = "10">
  				<description desc = "trunk"/>
  				<namekey tag = "name"/>
  				<namefallback tag = "ref"/>
  				<isArea area = "false"/>
  				<scale scale = "14"/>
  				<lineColor color = "007FC97F" />
  				<wayWidth width="6" />
  				<routing with="motorcar" accessible="true" speed="100" />
  				<routing with="bicycle" accessible="false" speed="5" />
  				<routing with="foot" accessible="false" speed="2" />  	
  			</Wvalue>
  			<Wvalue name = "trunk_link" priority = "10">
  				<description desc = "trunk link"/>
  				<namekey tag = "name"/>
  				<namefallback tag = "ref"/>
  				<isArea area = "false"/>
  				<scale scale = "14"/>
  				<lineColor color = "007FC97F" />
  				<wayWidth width="6" />
  				<routing with="motorcar" accessible="true" speed="60" />
  				<routing with="bicycle" accessible="false" speed="5" />
  				<routing with="foot" accessible="false" speed="2" />  	
  			</Wvalue>
  			<Wvalue name = "primary" priority = "10">
  				<description desc = "primary"/>
  				<namekey tag = "name"/>
  				<namefallback tag = "ref"/>
  				<isArea area = "false"/>
  				<scale scale = "15"/>
  				<lineColor color = "007FC97F" />
  				<wayWidth width="6" />
  				<routing with="motorcar" accessible="true" speed="80" />
  				<routing with="bicycle" accessible="true" speed="10" />
  				<routing with="foot" accessible="true" speed="4" />  	
  			</Wvalue>
  			<Wvalue name = "primary_link" priority = "10">
  				<description desc = "primary link"/>
  				<namekey tag = "name"/>
  				<namefallback tag = "ref"/>
  				<isArea area = "false"/>
  				<scale scale = "15"/>
  				<lineColor color = "007FC97F" />
  				<wayWidth width="6" />
  				<routing with="motorcar" accessible="true" speed="60" />
  				<routing with="bicycle" accessible="true" speed="10" />
  				<routing with="foot" accessible="true" speed="4" />  	
  			</Wvalue>
  			<Wvalue name = "secondary" priority = "10">
  				<description desc = "secondary"/>
  				<namekey tag = "name"/>
				<namefallback tag = "ref"/>
  				<isArea area = "false"/>
  				<scale scale = "18"/>
  				<lineColor color = "00FDBF6F" />
  				<wayWidth width="5" />
  				<routing with="motorcar" accessible="true" speed="80" />
  				<routing with="bicycle" accessible="true" speed="10" />
  				<routing with="foot" accessible="true" speed="4" />  	
  			</Wvalue>
  			<Wvalue name = "tertiary" priority = "10">
  				<description desc = "tertiary"/>
  				<namekey tag = "name"/>  				
				<namefallback tag = "ref"/>
  				<isArea area = "false"/>
  				<scale scale = "19"/>
  				<lineColor color = "00FFFFFF" />
  				<wayWidth width="4" />
  				<routing with="motorcar" accessible="true" speed="50" />
  				<routing with="bicycle" accessible="true" speed="15" />
  				<routing with="foot" accessible="true" speed="4" />  	
  			</Wvalue>
  			<Wvalue name = "unclassified" priority = "9">  					        
  				<description desc = "small road"/>
  				<namekey tag = "name"/>  				
  				<namefallback tag = "ref"/>
  				<isArea area = "false"/>
  				<scale scale = "20"/>
  				<lineColor color = "00FFFFFF" />
  				<wayWidth width="4" />
  				<routing with="motorcar" accessible="true" speed="50" />
  				<routing with="bicycle" accessible="true" speed="15" />
  				<routing with="foot" accessible="true" speed="4" />  	
  			</Wvalue>  			
  			<Wvalue name = "residential" priority = "10">
  				<description desc = "residential"/>
  				<namekey tag = "name"/>  				
  				<namefallback tag = "ref"/>
  				<isArea area = "false"/>
  				<scale scale = "20"/>
  				<textscale scale = "23"/>
  				<lineColor color = "00B4B4B4" />
  				<wayWidth width="3" />
  				<routing with="motorcar" accessible="true" speed="30" />  	
  				<routing with="bicycle" accessible="true" speed="15" />
  				<routing with="foot" accessible="true" speed="4" />  	
  			</Wvalue>
  			<Wvalue name = "living_street" priority = "9">
  				<description desc = "living street"/>
  				<namekey tag = "name"/>
				<namefallback tag = "ref"/>
  				<isArea area = "false"/>
  				<scale scale = "20"/>
  				<lineColor color = "00B4B4FF" />
  				<wayWidth width="2" />
  				<routing with="motorcar" accessible="true" speed="5" />
  				<routing with="bicycle" accessible="true" speed="12" />
  				<routing with="foot" accessible="true" speed="4" />  	
  			</Wvalue>
			<Wvalue name = "track" priority = "9">
  				<specialisation key="tracktype" value="grade1"/>
  				<description desc = "grade1 track"/>
  				<namekey tag = "name"/>  				
  				<isArea area = "false"/>
  				<scale scale = "20"/>
  				<lineColor color = "0057520D" />
  				<lineStyle dashed = "true" />
  				<wayWidth width="2" />
  				<routing with="motorcar" accessible="no" speed="5" />  	
  				<routing with="bicycle" accessible="true" speed="10" />
  				<routing with="foot" accessible="true" speed="4" />  	
  			</Wvalue>
			<Wvalue name = "track" priority = "9">
  				<specialisation key="tracktype" value="grade2"/>
  				<description desc = "grade2 track"/>
  				<namekey tag = "name"/>  				
  				<isArea area = "false"/>
  				<scale scale = "20"/>
  				<lineColor color = "008C8515" />
  				<lineStyle dashed = "true" />
  				<wayWidth width="2" />
  				<routing with="motorcar" accessible="no" speed="5" />  	
  				<routing with="bicycle" accessible="true" speed="10" />
  				<routing with="foot" accessible="true" speed="4" />  	
  			</Wvalue>
			<Wvalue name = "track" priority = "9">
  				<specialisation key="tracktype" value="grade3"/>
  				<description desc = "grade3 track"/>
  				<namekey tag = "name"/>  				
  				<isArea area = "false"/>
  				<scale scale = "20"/>
  				<lineColor color = "00BEB41D" />
  				<lineStyle dashed = "true" />
  				<wayWidth width="2" />
  				<routing with="motorcar" accessible="no" speed="5" />  	
  				<routing with="bicycle" accessible="true" speed="10" />
  				<routing with="foot" accessible="true" speed="3" />  	
  			</Wvalue>
			<Wvalue name = "track" priority = "9">
  				<specialisation key="tracktype" value="grade4"/>
  				<description desc = "grade4 track"/>
  				<namekey tag = "name"/>  				
  				<isArea area = "false"/>
  				<scale scale = "20"/>
  				<lineColor color = "00E0D538" />
  				<lineStyle dashed = "true" />
  				<wayWidth width="2" />
  				<routing with="motorcar" accessible="no" speed="5" />  	
  				<routing with="bicycle" accessible="true" speed="8" />
  				<routing with="foot" accessible="true" speed="3" />  	
  			</Wvalue>
			<Wvalue name = "track" priority = "9">
  				<specialisation key="tracktype" value="grade5"/>
  				<description desc = "grade5 track"/>
  				<namekey tag = "name"/>  				
  				<isArea area = "false"/>
  				<scale scale = "20"/>
  				<lineColor color = "00E8E06C" />
  				<lineStyle dashed = "true" />
  				<wayWidth width="2" />
  				<routing with="motorcar" accessible="no" speed="5" />  	
  				<routing with="bicycle" accessible="true" speed="8" />
  				<routing with="foot" accessible="true" speed="3" />  	
  			</Wvalue>
			<Wvalue name = "track" priority = "5">
  				<description desc = "track"/>
  				<namekey tag = "name"/>  				
  				<isArea area = "false"/>
  				<scale scale = "20"/>
  				<lineColor color = "00EFEAA0" />
  				<lineStyle dashed = "true" />
  				<wayWidth width="2" />
  				<routing with="motorcar" accessible="no" speed="5" />  	
  				<routing with="bicycle" accessible="true" speed="10" />
  				<routing with="foot" accessible="true" speed="3" />  	
  			</Wvalue>
  			<Wvalue name = "service" priority = "9">
  				<description desc = "service"/>
  				<namekey tag = "name"/>  				
  				<isArea area = "false"/>
  				<scale scale = "20"/>
  				<lineColor color = "00FFFFFF" />
  				<wayWidth width="2" />
  				<routing with="motorcar" accessible="true" speed="30" />
				<routing with="bicycle" accessible="true" speed="12" />
  				<routing with="foot" accessible="true" speed="4" />  	
  			</Wvalue>
  			<Wvalue name = "cycleway" priority = "8">
  				<description desc = "cycleway"/>
  				<namekey tag = "name"/>  				
  				<isArea area = "false"/>
  				<scale scale = "20"/>
  				<lineColor color = "007777FF" />
  				<lineStyle dashed = "true" />
  				<wayWidth width="2" />
  				<routing with="motorcar" accessible="false" speed="5" />
				<routing with="bicycle" accessible="true" speed="15" />
  				<routing with="foot" accessible="false" speed="4" />  	
  			</Wvalue>
  			<Wvalue name = "footway" priority = "7">
  				<description desc = "footway"/>
  				<namekey tag = "name"/>  				
  				<isArea area = "false"/>
  				<scale scale = "20"/>
  				<lineColor color = "00FFFFFF" colorAtNight = "00FF0000"/>
  				<lineStyle dashed = "false" />
  				<wayWidth width="2" />
				<routing with="motorcar" accessible="false" speed="5" />  	
				<routing with="bicycle" accessible="true" speed="12" />
  				<routing with="foot" accessible="true" speed="4" />
  			</Wvalue>
  			<Wvalue name = "steps" priority = "10">
  				<description desc = "steps"/>
  				<namekey tag = "name"/>  				
  				<isArea area = "false"/>
  				<scale scale = "20"/>
  				<lineColor color = "00FFBBBB" />
  				<lineStyle dashed = "false" />
  				<wayWidth width="2" />
				<routing with="motorcar" accessible="false" speed="1" />  	
				<routing with="bicycle" accessible="false" speed="1" />
  				<routing with="foot" accessible="true" speed="1" />
  			</Wvalue>
  			<Wvalue name = "path" priority = "7">
  				<description desc = "path"/>
  				<namekey tag = "name"/>  				
  				<isArea area = "false"/>
  				<scale scale = "20"/>
  				<lineColor color = "00808080" />
  				<lineStyle dashed = "false" />
  				<wayWidth width="2" />
				<routing with="motorcar" accessible="false" speed="5" />  	
				<routing with="bicycle" accessible="false" speed="8" />
  				<routing with="foot" accessible="true" speed="3" />  	
  			</Wvalue>
  			<Wvalue name = "pedestrian" priority = "6">
  				<description desc = "pedestrian zone"/>
  				<namekey tag = "name"/>  				
  				<isArea area = "false"/>
  				<scale scale = "20"/>
  				<lineColor color = "00CCCCCC" />
  				<lineStyle dashed = "false" />
  				<wayWidth width="3" />
  				<routing with="motorcar" accessible="false" speed="5" />  	
				<routing with="bicycle" accessible="true" speed="5" />
  				<routing with="foot" accessible="true" speed="4" />  	
  			</Wvalue>
  			<Wvalue name = "bridleway" priority = "5">
  				<description desc = "bridleway"/>
  				<namekey tag = "name"/>  				
  				<isArea area = "false"/>
  				<scale scale = "20"/>
  				<lineColor color = "00FF00FF" />
  				<lineStyle dashed = "true" />
  				<wayWidth width="2" />
  				<routing with="motorcar" accessible="false" speed="5" />  	
				<routing with="bicycle" accessible="false" speed="5" />
  				<routing with="foot" accessible="false" speed="2" />  	
  			</Wvalue>
  			<Wvalue name = "*" priority = "4">
  				<description desc = "other highway"/>
  				<namekey tag = "name"/>  				
  				<namefallback tag = "*"/>  				
  				<isArea area = "false"/>
  				<scale scale = "19"/>
  				<lineColor color = "00FFAAAA" />  	  				
  				<!-- other highways only become accessible when explicitely permitted via additional tags in RouteAccessRestrictions -->
				<routing with="motorcar" accessible="false" speed="5" />  	
				<routing with="bicycle" accessible="false" speed="5" />
  				<routing with="foot" accessible="false" speed="2" />  	
  			</Wvalue>
  		</keyW>
  		<keyW tag = "railway">
  			<Wvalue name = "rail">
  				<description desc = "mainline rail"/>
  				<namekey tag = "name"/>  				
  				<isArea area = "false"/>
  				<scale scale = "12"/>
  				<lineColor color = "00000000" />
  				<wayWidth width="2" /> 
  			</Wvalue>
  			<Wvalue name = "tram">
   				<description desc = "tram"/>
 				<namekey tag = "name"/>  				
  				<isArea area = "false"/>
  				<scale scale = "18"/>
  				<lineColor color = "00000070" />
  				<lineStyle dashed = "true" />
  				<wayWidth width="1" />	
  			</Wvalue>
  			<Wvalue name = "subway">
  				<description desc = "tube"/>
  				<namekey tag = "name"/>  				
  				<isArea area = "false"/>
  				<scale scale = "16"/>
  				<lineColor color = "00FFA000" />
  				<lineStyle dashed = "true" />
  				<wayWidth width="1" />  				  				  				
  			</Wvalue>
  			<Wvalue name = "light_rail">
  				<description desc = "light rail"/>
  				<namekey tag = "name"/>  				
  				<isArea area = "false"/>
  				<scale scale = "19"/>
  				<lineColor color = "00222222"/>
  				<lineStyle dashed = "true" />
  				<wayWidth width="1" />  				  				  				
  			</Wvalue>
  			<Wvalue name = "*">
  				<description desc = "other railway"/>
  				<namekey tag = "name"/>  				
  				<namefallback tag = "*"/>  				
  				<isArea area = "false"/>
  				<scale scale = "19"/>
  				<lineColor color = "00FF55FF" />  				  				  				
  				<lineStyle dashed = "true" />
  			</Wvalue>
  		</keyW>
  		<keyW tag = "aerialway">
  			<Wvalue name = "*">
  				<description desc = "aerialway"/>
  				<namekey tag = "name"/>  				
  				<namefallback tag = "*"/>  				
  				<isArea area = "false"/>
  				<scale scale = "19"/>
  				<lineColor color = "00800080" />  	  				
  			</Wvalue>
  		</keyW>
<!--
        <keyW tag = "power">
			<Wvalue name = "line">
				<description desc = "power line"/>
				<namekey tag = "name"/>
				<isArea area = "false"/>
				<scale scale = "19"/>
				<lineColor color = "00800080" />
				<lineStyle dashed = "true" />
				<wayWidth width = "1" />
			</Wvalue>
			<Wvalue name = "station">
				<description desc = "power station"/>
				<namekey tag = "name"/>
				<isArea area = "true"/>
				<scale scale = "19"/>
                <lineColor color = "00800080" />
			</Wvalue>
            <Wvalue name = "sub_station">
				<description desc = "power sub-station"/>
				<namekey tag = "name"/>
				<isArea area = "true"/>
				<scale scale = "19"/>
				<lineColor color = "00800080" />
            </Wvalue>
        </keyW>
-->
		<keyW tag = "leisure">
  			<Wvalue name = "park">
  				<description desc = "Park"/>
  				<namekey tag = "name"/>  				
  				<isArea area = "true"/>
  				<scale scale = "19"/>
  				<lineColor color = "0000FF00" />
				<force_to layer = "-2"/>
  			</Wvalue>
  			<Wvalue name = "stadium">
  				<description desc = "Stadium"/>
  				<namekey tag = "name"/>  				
  				<isArea area = "true"/>
  				<scale scale = "19"/>
  				<lineColor color = "00FFFFBB" />
  			</Wvalue>
  			<Wvalue name = "water_park">
  				<description desc = "Water Park"/>
  				<namekey tag = "name"/>  				
  				<isArea area = "true"/>
  				<scale scale = "19"/>
  				<lineColor color = "006868FF" />
				<force_to layer = "-2"/>
  			</Wvalue>
  			<Wvalue name = "garden">
  				<description desc = "Garden"/>
  				<namekey tag = "name"/>  				
  				<isArea area = "true"/>
  				<scale scale = "19"/>
  				<lineColor color = "000AD351" />
  			</Wvalue>
  			<Wvalue name = "nature_reserve">
  				<description desc = "Nature reserve"/>
  				<namekey tag = "name"/>  				
  				<isArea area = "true"/>
  				<scale scale = "19"/>
  				<lineColor color = "00277C54" />
  			</Wvalue>
  			<Wvalue name = "common">
  				<description desc = "Common"/>
  				<namekey tag = "name"/>  				
  				<isArea area = "true"/>
  				<scale scale = "19"/>
  				<lineColor color = "0000CC00" />
  			</Wvalue>
  			<Wvalue name = "playground">
  				<description desc = "Playground"/>
  				<namekey tag = "name"/>  				
  				<isArea area = "true"/>
  				<scale scale = "19"/>
  				<lineColor color = "0066AA00" />
  			</Wvalue>
  			<Wvalue name = "*">
  				<description desc = "Other leisure"/>
  				<namekey tag = "name"/>  				
  				<namefallback tag = "*"/>  				
  				<isArea area = "true"/>
  				<scale scale = "19"/>
  				<lineColor color = "00FF55FF" />  	  				
  			</Wvalue>
  		</keyW>
  		<keyW tag = "amenity">
  			<Wvalue name = "parking">
  				<description desc = "Parking"/>
  				<namekey tag = "name"/>  				
  				<isArea area = "true"/>
  				<scale scale = "19"/>
  				<lineColor color = "00FFFF64" />
			</Wvalue>  			
  			<Wvalue name = "taxi">
  				<description desc = "Taxi"/>
  				<namekey tag = "name"/>  				
  				<isArea area = "true"/>
  				<scale scale = "19"/>
  				<lineColor color = "00F2F200" />
			</Wvalue>  			
  			<Wvalue name = "bicycle_parking">
  				<description desc = "Bicycle parking"/>
  				<namekey tag = "name"/>  				
  				<isArea area = "true"/>
  				<scale scale = "19"/>
  				<lineColor color = "004D9999" />
			</Wvalue>
  			<Wvalue name = "university">
  				<description desc = "University"/>
  				<namekey tag = "name"/>  				
  				<isArea area = "true"/>
  				<scale scale = "19"/>
  				<lineColor color = "00EEEEEE" />
			</Wvalue>  			
  			<Wvalue name = "school">
  				<description desc = "School"/>
  				<namekey tag = "name"/>  				
  				<isArea area = "true"/>
  				<scale scale = "19"/>
  				<lineColor color = "00EEEEEE" />
			</Wvalue>  			
  			<Wvalue name = "college">
  				<description desc = "College"/>
  				<namekey tag = "name"/>  				
  				<isArea area = "true"/>
  				<scale scale = "19"/>
  				<lineColor color = "00EEEEEE" />
			</Wvalue>
			<Wvalue name = "public_building">
  				<description desc = "Public building"/>
  				<namekey tag = "name"/>  				
  				<isArea area = "true"/>
  				<scale scale = "19"/>
  				<lineColor color = "00CC4444" />
			</Wvalue>  			
  			<Wvalue name = "hospital">
  				<description desc = "Hospital"/>
  				<namekey tag = "name"/>  				
  				<isArea area = "true"/>
  				<scale scale = "19"/>
  				<lineColor color = "00FF9900" />
			</Wvalue>
  			<Wvalue name = "fountain">
  				<description desc = "Fountain"/>
  				<namekey tag = "name"/>  				
  				<isArea area = "true"/>
  				<scale scale = "19"/>
  				<lineColor color = "000000FF" />
			</Wvalue>  				
  			<Wvalue name = "grave_yard">
  				<description desc = "Grave Yard"/>
  				<namekey tag = "name"/>  				
  				<isArea area = "true"/>
  				<scale scale = "19"/>
  				<lineColor color = "00141414" /> 	
  			</Wvalue>  			
  			<Wvalue name = "*">
  				<description desc = "Other amenity"/>
  				<namekey tag = "name"/>  				
  				<namefallback tag = "*"/>  				
  				<isArea area = "true"/>
  				<scale scale = "19"/>
  				<lineColor color = "00FF55FF" />  	  				
  			</Wvalue>
  		</keyW>
  		<keyW tag = "waterway">
  			<Wvalue name = "river">
  				<description desc = "river"/>
  				<namekey tag = "name"/>  				
  				<isArea area = "false"/>
  				<scale scale = "17"/>
  				<lineColor color = "000000F0" />
  				<wayWidth width="10" />  	  				
  			</Wvalue>
			<Wvalue name = "riverbank">
				<description desc = "riverbank"/>
				<namekey tag = "name"/>                 
				<isArea area = "true"/>
				<scale scale = "17"/>
				<lineColor color = "000000F0" />
				<wayWidth width="10" />                       
			</Wvalue>
  			<Wvalue name = "canal">
  				<description desc = "canal"/>
  				<namekey tag = "name"/>  				
  				<isArea area = "false"/>
  				<scale scale = "19"/>
  				<lineColor color = "000000E0" />
  				<wayWidth width="6" />  	  				
  			</Wvalue>
  			<Wvalue name = "stream">
  				<description desc = "stream"/>
  				<namekey tag = "name"/>  				
  				<isArea area = "false"/>
  				<scale scale = "19"/>
  				<lineColor color = "000000D0" />
  				<wayWidth width="3" />  	  				
  			</Wvalue>
  			<Wvalue name = "*">
  				<description desc = "other waterway"/>
  				<namekey tag = "name"/>  				
  				<namefallback tag = "*"/>  				
  				<isArea area = "false"/>
  				<scale scale = "19"/>
  				<lineColor color = "005555FF" />  	  				
  			</Wvalue>
  		</keyW>
		<keyW tag = "aeroway">
  			<Wvalue name = "terminal">
  				<description desc = "Aeroway terminal"/>
  				<namekey tag = "name"/>  				
  				<isArea area = "true"/>
  				<scale scale = "17"/>
  				<lineColor color = "00BDBD86" />
  				<wayWidth width="16" />  	  				
  			</Wvalue>
  			<Wvalue name = "apron">
  				<description desc = "Aeroway apron"/>
  				<namekey tag = "name"/>  				
  				<isArea area = "true"/>
  				<scale scale = "17"/>
  				<lineColor color = "00AAAAAA" />
  				<wayWidth width="16" />  	  				
<!-- define routing speeds for abandoned aprons -->	
				<routing with="motorcar" accessible="false" speed="30" />  	
				<routing with="bicycle" accessible="false" speed="15" />				
  			  	<routing with="foot" accessible="false" speed="4" />  	
  			</Wvalue>
  			<Wvalue name = "runway">
  				<description desc = "aeroway runway"/>
  				<namekey tag = "name"/>  				
  				<isArea area = "false"/>
  				<scale scale = "17"/>
  				<lineColor color = "00AAAAAA" />
  				<wayWidth width="16" />
<!-- define routing speeds for abandoned runways -->	
				<routing with="motorcar" accessible="false" speed="30" />  	
				<routing with="bicycle" accessible="false" speed="17" />				
  			  	<routing with="foot" accessible="false" speed="4" />  	
			</Wvalue>
  			<Wvalue name = "taxiway">
  				<description desc = "aeroway taxiway"/>
  				<namekey tag = "name"/>  				
  				<isArea area = "false"/>
  				<scale scale = "17"/>
  				<lineColor color = "00AAAAAA" />
  				<wayWidth width="8" />  	  				
<!-- define routing speeds for abandoned taxiways -->	
				<routing with="motorcar" accessible="false" speed="30" />  	
				<routing with="bicycle" accessible="false" speed="15" />				
  			  	<routing with="foot" accessible="false" speed="4" />  	
  			</Wvalue>
  			<Wvalue name = "*">
  				<description desc = "other aeroway"/>
  				<namekey tag = "name"/>  				
  				<namefallback tag = "*"/>  				
  				<isArea area = "false"/>
  				<scale scale = "17"/>
  				<lineColor color = "00FFBBBB" />
  				<wayWidth width="8" />  	  				
  			</Wvalue>
  		</keyW>
  		<keyW tag = "landuse">
  			<Wvalue name = "forest">
  				<description desc = "Forest"/>
  				<namekey tag = "name"/>  				
  				<isArea area = "true"/>
  				<scale scale = "19"/>
  				<lineColor color = "00196618" />  	  				
				<force_to layer = "-2"/>
  			</Wvalue>
  			<Wvalue name = "farm">
  				<description desc = "Farm"/>
  				<namekey tag = "name"/>  				
  				<isArea area = "true"/>
  				<scale scale = "19"/>
  				<lineColor color = "00886B1D" />
				<force_to layer = "-2"/>
  			</Wvalue>  		
  			<Wvalue name = "landfill">
  				<description desc = "Landfill"/>
  				<namekey tag = "name"/>  				
  				<isArea area = "true"/>
  				<scale scale = "19"/>
  				<lineColor color = "004B4B4B" />  	  				
				<force_to layer = "-2"/>
  			</Wvalue>
  			<Wvalue name = "basin">
  				<description desc = "Basin"/>
  				<namekey tag = "name"/>  				
  				<isArea area = "true"/>
  				<scale scale = "19"/>
  				<lineColor color = "000A0ACD" />  	
  			</Wvalue>
  			<Wvalue name = "reservoir">
  				<description desc = "Reservoir"/>
  				<namekey tag = "name"/>  				
  				<isArea area = "true"/>
  				<scale scale = "19"/>
  				<lineColor color = "001E1EEB" />  	  				
				<force_to layer = "-2"/>
  			</Wvalue>
  			<Wvalue name = "allotments">
  				<description desc = "Allotments"/>
  				<namekey tag = "name"/>  				
  				<isArea area = "true"/>
  				<scale scale = "19"/>
  				<lineColor color = "0099BE00" />  	  				
				<force_to layer = "-2"/>
  			</Wvalue>
  			<Wvalue name = "residential">
  				<description desc = "Residential"/>
  				<namekey tag = "name"/>  				
  				<isArea area = "true"/>
  				<scale scale = "19"/>
  				<lineColor color = "00D2D2D2" />  	
				<force_to layer = "-2"/>
  			</Wvalue>
  			<Wvalue name = "retail">
  				<description desc = "Retail"/>
  				<namekey tag = "name"/>  				
  				<isArea area = "true"/>
  				<scale scale = "19"/>
  				<lineColor color = "0039E3E7" />
				<force_to layer = "-2"/>
			</Wvalue>
  			<Wvalue name = "commercial">
  				<description desc = "Commercial"/>
  				<namekey tag = "name"/>  				
  				<isArea area = "true"/>
  				<scale scale = "19"/>
  				<lineColor color = "00C0F2F3" />
				<force_to layer = "-2"/>
			</Wvalue>
  			<Wvalue name = "industrial">
  				<description desc = "Industrial"/>
  				<namekey tag = "name"/>  				
  				<isArea area = "true"/>
  				<scale scale = "19"/>
  				<lineColor color = "00A3A316" />		  	
				<force_to layer = "-2"/>
  			</Wvalue>
  			<Wvalue name = "brownfield">
  				<description desc = "Brownfield"/>
  				<namekey tag = "name"/>  				
  				<isArea area = "true"/>
  				<scale scale = "19"/>
  				<lineColor color = "004B4B0B" />
				<force_to layer = "-2"/>
  			</Wvalue>
  			<Wvalue name = "greenfield">
  				<description desc = "Greenfield"/>
  				<namekey tag = "name"/>  				
  				<isArea area = "true"/>
  				<scale scale = "19"/>
  				<lineColor color = "00A7A784" />		  	
				<force_to layer = "-2"/>
  			</Wvalue>
  			<Wvalue name = "construction">
  				<description desc = "Construction"/>
  				<namekey tag = "name"/>  				
  				<isArea area = "true"/>
  				<scale scale = "19"/>
  				<lineColor color = "00A54D0C" />
				<force_to layer = "-2"/>
  			</Wvalue>
  			<Wvalue name = "cemetery">
  				<description desc = "Cemetery"/>
  				<namekey tag = "name"/>  				
  				<isArea area = "true"/>
  				<scale scale = "19"/>
  				<lineColor color = "00141414" /> 	
				<force_to layer = "-2"/>
  			</Wvalue>
			<Wvalue name = "village_green">
  				<description desc = "Village green"/>
  				<namekey tag = "name"/>  				
  				<isArea area = "true"/>
  				<scale scale = "19"/>
  				<lineColor color = "0000FF00" />
				<force_to layer = "-2"/>
			</Wvalue>
  			<Wvalue name = "recreation_ground">
  				<description desc = "Recreation ground"/>
  				<namekey tag = "name"/>  				
  				<isArea area = "true"/>
  				<scale scale = "19"/>
  				<lineColor color = "005ABA39" />
				<force_to layer = "-2"/>
			</Wvalue>
  			<Wvalue name = "railway">
  				<description desc = "Railway"/>
  				<namekey tag = "name"/>  				
  				<isArea area = "true"/>
  				<scale scale = "19"/>
  				<lineColor color = "00967777" />
			</Wvalue>
  			<Wvalue name = "quarry">
  				<description desc = "Quarry"/>
  				<namekey tag = "name"/>  				
  				<isArea area = "true"/>
  				<scale scale = "19"/>
  				<lineColor color = "00A0A0A0" />
				<force_to layer = "-2"/>
			</Wvalue>
  			<Wvalue name = "*">
  				<description desc = "Other landuse"/>
  				<namekey tag = "name"/>  				
  				<namefallback tag = "*"/>  				
  				<isArea area = "true"/>
  				<scale scale = "19"/>
  				<lineColor color = "0033CC33" />  	  				
				<force_to layer = "-2"/>
  			</Wvalue>
   		</keyW>
		<keyW tag = "place">
			<Wvalue name = "island" priority = "10">
				<description desc = "Island"/>
				<namekey tag = "name"/>                 
				<isArea area = "true"/>
				<scale scale = "12"/>
				<lineColor color = "009BFF9B" />  <!-- same as map background -->
			</Wvalue>
		</keyW>
  		<keyW tag = "natural">
  			<Wvalue name = "water">
  				<description desc = "Water"/>
  				<namekey tag = "name"/>  				
  				<isArea area = "true"/>
  				<scale scale = "19"/>
  				<lineColor color = "000000CC" />
			</Wvalue>  			
  			<Wvalue name = "wood">
  				<description desc = "Wood"/>
  				<namekey tag = "name"/>  				
  				<isArea area = "true"/>
  				<scale scale = "19"/>
  				<lineColor color = "00196618" />  	  				
				<force_to layer = "-2"/>
			</Wvalue>  			
  			<Wvalue name = "coastline">
  				<description desc = "coastline"/>
  				<namekey tag = "name"/>  				
  				<isArea area = "false"/>
  				<scale scale = "6"/>
  				<lineColor color = "00005555" />  	  				
  				<wayWidth width="10" />
				<force_to layer = "-2"/>
			</Wvalue>  			
  			<Wvalue name = "beach">
  				<description desc = "Beach"/>
  				<namekey tag = "name"/>  				
  				<isArea area = "true"/>
  				<scale scale = "19"/>
  				<lineColor color = "00FFFF9F" />  	  				
				<force_to layer = "-2"/>
			</Wvalue>
  			<Wvalue name = "glacier">
  				<description desc = "Glacier"/>
  				<namekey tag = "name"/>  				
  				<isArea area = "true"/>
  				<scale scale = "19"/>
  				<lineColor color = "00FFFFFF" />  	  				
			</Wvalue>  			
  			<Wvalue name = "cliff">
  				<description desc = "Cliff"/>
  				<namekey tag = "name"/>  				
  				<isArea area = "true"/>
  				<scale scale = "19"/>
  				<lineColor color = "00BDBDBD" />  	  				
			</Wvalue>  			
  			<Wvalue name = "scree">
  				<description desc = "Scree"/>
  				<namekey tag = "name"/>  				
  				<isArea area = "true"/>
  				<scale scale = "19"/>
  				<lineColor color = "00A0A0A0" />  	  				
			</Wvalue>  			
  			<Wvalue name = "mud">
  				<description desc = "Mud"/>
  				<namekey tag = "name"/>  				
  				<isArea area = "true"/>
  				<scale scale = "19"/>
  				<lineColor color = "00804000" />  	  				
			</Wvalue>  			
  			<Wvalue name = "cave_entrance">
  				<description desc = "Cave entrance"/>
  				<namekey tag = "name"/>  				
  				<isArea area = "true"/>
  				<scale scale = "19"/>
  				<lineColor color = "006C6C6C" />  	  				
			</Wvalue>
			<Wvalue name = "*">
  				<description desc = "Other natural"/>
  				<namekey tag = "name"/>  				
  				<namefallback tag = "*"/>  				
  				<isArea area = "true"/>
  				<scale scale = "19"/>
  				<lineColor color = "0055FF55" />  	  				
  			</Wvalue>
		</keyW>
		<keyW tag = "building">
			<Wvalue name = "yes">
				<!-- if * is specified as value for a specialisation key,
				this will match only if the specialisation key exists:
				 so only named buildings would be included
				<specialisation key="name" value="*"/>
				 -->
				<description desc = "Building"/>
				<namekey tag = "name"/>
				<namefallback tag = "addr:housenumber"/>
				<isArea area = "true"/>
				<scale scale = "20"/>
				<textscale scale = "21"/>
				<!-- scale level when area descriptions
				     will start to show, default is 23
				 -->
				<descriptionscale scale = "27"/>
				<lineColor color = "00CC0000" />
			</Wvalue>
			<Wvalue name = "*">
				<description desc = "Other building"/>
				<namekey tag = "name"/>
				<namefallback tag = "*"/>
				<isArea area = "true"/>
				<scale scale = "20"/>
				<textscale scale = "21"/>
				<lineColor color = "00EE0000" />
			</Wvalue>
		</keyW>
		<keyW tag = "boundary">
  			<Wvalue name = "administrative" priority = "1">
  				<specialisation key="admin_level" value="2"/>
  				<description desc = "country border"/>
  				<namekey tag = "name"/>
  				<isArea area = "false" />
  				<scale scale = "5"/>
  				<lineColor color = "0000AA00" />
  				<lineStyle dashed = "true" />
  				<wayWidth width="5" />
				<force_to layer = "-2"/>
  			</Wvalue>
  			<Wvalue name = "administrative" priority = "0">
  				<specialisation key="admin_level" value="6"/>
  				<description desc = "city border"/>
  				<namekey tag = "name"/>
  				<isArea area = "false"/>
  				<scale scale = "8"/>
  				<lineColor color = "0000AA00" />
  				<lineStyle dashed = "true" />
  				<wayWidth width="1" />
				<force_to layer = "-2"/>
  			</Wvalue>
  		</keyW>
	</ways>
	<!--
	Osm2GpsMid will check ways for route access restrictions specified for the route Modes specified in the entry "useRouting" in the properties file
	e.g. useRouting = "motorcar, bicycle".
	If restrictionPermit is true, ways having tags matching the restrictionKey and restrictionValues become accessible for routing.
	If restrictionPermit is missing or false, ways having tags matching the restrictionKey and restrictionValues become inaccessible for routing.
	-->
	<routeModes>
		<routeMode modeName = "motorcar" maxPrepareMeters="500" maxInMeters="899" maxEstimationSpeed="100" applyTurnRestrictions = "true">
			<routeAccessRestriction restrictionKey = "motorcar" restrictionValues = "yes|designated" restrictionPermit = "true"/>
			<routeAccessRestriction restrictionKey = "motorcar" restrictionValues = "no|private"/>
			<routeAccessRestriction restrictionKey = "access" restrictionValues = "no|private"/>
			<routeAccessRestriction restrictionKey = "vehicle" restrictionValues = "no|private"/>
		</routeMode>
		<routeMode modeName = "bicycle" maxPrepareMeters="75" maxInMeters="299" maxEstimationSpeed="20" bicycleOppositeExceptions = "true">
			<routeAccessRestriction restrictionKey = "bicycle" restrictionValues = "yes|designated" restrictionPermit = "true"/>
			<routeAccessRestriction restrictionKey = "cycleway" restrictionValues = "track" restrictionPermit = "true"/>
			<routeAccessRestriction restrictionKey = "bicycle" restrictionValues = "no|private"/>
			<routeAccessRestriction restrictionKey = "access" restrictionValues = "no|private"/>
			<routeAccessRestriction restrictionKey = "vehicle" restrictionValues = "no|private"/>
		</routeMode>
		<routeMode modeName = "foot" maxPrepareMeters="50" maxInMeters="125" maxEstimationSpeed="4" againstAllOneWays = "true">
			<routeAccessRestriction restrictionKey = "foot" restrictionValues = "yes|designated" restrictionPermit = "true"/>
			<routeAccessRestriction restrictionKey = "foot" restrictionValues = "no|private"/>
			<routeAccessRestriction restrictionKey = "access" restrictionValues = "no|private"/>
		</routeMode>
	</routeModes>
</legend>
